-0.00032651990805194337,-0.0018571803218180916,7.127871272703088e-5,0.0013574425745452845,-0.0019392792125156343,0.00039292874272860075,0.0022191005169825404,0.00023651691775275417,-0.0004575501531894621,0.0008275434780010455,-0.000629322016227224,0.0017463554640980365,-0.0010187683533857748,0.0006263958617721013,0.001636801679249873,-0.001807606348937845,0.0011743019405266492,0.00038994320815512114,-0.0001544664473089708,-0.0004999999999998611,0.00024034086932412827,0.001929107103064528,-0.056185383295846374,0.0072813206400882185,0.0011739355883568794,-0.0038478711767138156,-0.0054910714285717,-0.006829116185916763,0.003229476352577105,-0.010156311730948067,-0.049810866969222545,0.023936907219177357,0.0017208247328771378,0.008383298931508599,0.007233402136982291,-0.00546680427396424,0.013747051204474389,0.0019605683313416705,0.002782510892861276,-0.0006076198214693378,-0.000930479285876405,0.0022264488951461224,0.04549601704235266,0.0012550797410716384,-0.035999999999998505,-0.03600000000000424,0.0037295369242610144,-0.010459073848522142,0.0017801483608391247,-0.11734715501930269
-0.0028060796322078277,0.0030712787127271414,-0.003907415293629986,0.000981568229928245,0.0011199849018851092,0.0007600301962306057,-0.0004101056868070355,-0.0005226434777045182,-0.0014357698728427164,0.0014188229819975908,-0.0014935768507538096,-0.0012099101050777187,0.0005375367067722033,0.00012429913150346675,-4.818471747920472e-6,0.001826622221284064,-0.001007511108833612,-0.0014402271673796283,-0.0006178657892358826,-0.000499999999999387,0.0023069259898654344,-0.001547387087205858,-0.003601158464536378,0.12014773070086673,0.011641225440751508,-0.004304257646572822,-0.0032812499999999036,-0.0024875627456449187,-0.003164852171321559,-0.018202789405146337,-0.001161965607722396,0.01893235497451287,0.042813301865400506,0.018903443471097466,0.02780592299876303,0.024134847013605253,0.008835201267268016,-0.0056090635412558995,-0.0034046036490404355,-0.029635570921989485,0.004724498226963026,-0.005407090173926298,0.03650796591529523,0.027809092057397598,-0.029833483603247064,-0.05409619519968209,0.04297509383312489,-0.03448328129434245,-0.0016509192864805008,0.0007820143988591928
0.00023057398078151194,-0.0015572057952113836,0.0016144115904227106,-0.0017288231808453645,-0.0008727365432388538,-0.001282649277646456,-0.0017623702258125762,0.00391829579034393,-0.00021403526620324543,-0.003607052801973052,0.0014357510341175092,0.0026603595796894073,0.0021792808406221804,-0.001363594581923728,9.636943495840946e-6,-0.0037052936298558187,0.003945684308595008,-0.0027252333208733306,0.003157009960988378,0.001426488589805491,-0.0013761858885188698,2.6969376774216924e-5,-0.01438725689010188,-0.009746294551517648,0.07563699842342296,-0.00021519222062738586,-0.0026250000000001,0.0,-0.0004621114464183617,0.004550842084157992,0.000905041137268349,-0.010261308499727938,-0.013959282834653882,-0.011773159137071285,-0.0033021241278754394,0.03298558826687935,0.008340805069071918,0.0020294734036833267,-0.002558946807366597,0.031639491371260875,-0.0007857437943699972,-0.0035751843912588048,0.0004721192964661695,0.03766817779910992,0.007309888750743438,-0.0019133168011127842,-0.012317249999999834,-0.0018892499999998054,0.00078201439885919,-0.0016509192864805002
0.0025679098058489524,-0.0003584972989452122,0.001155616532780629,-0.0010635777208135098,0.0006271554416269631,4.39943932777611e-5,0.0023522960317006168,-0.000759489811657811,0.0023543879282356983,-0.002322419178298031,0.0022115894330083583,-0.003108898206037286,-0.001282203587924291,0.0022577438418065992,-0.0045154876836131985,0.003968527704495027,-0.002639846965732167,0.0050383166230564885,-0.0017033917310834287,-0.001258460690460442,-0.0014135150660094745,-9.439281870975918e-5,-0.0003586927110970847,-0.0020143631123472204,0.04211351469190388,0.05170860540114917,-0.017917210802298657,0.0,0.001963973647276469,0.00020336833663217008,0.002044547490048615,-0.0010274630775962755,-0.001938664658497319,0.0114073634517153,-0.001208496511501298,-0.00810785721956446,0.031223874214250075,0.0016932522516293826,0.006214585103604591,-0.0004882197994124441,-0.005301364639160848,-0.0009868546305946944,-0.012642333466087802,0.008786902371904213,-0.002173517189177563,0.0053573101621196065,0.0002309999999998856,0.025443000000000233,-0.04441798449025993,0.02496294571591014
-0.011862443032357634,0.0012248860647158407,-0.0013775338688777118,0.002528124117459954,-0.000514971115300222,-0.00048393832605537167,0.003323815346627657,0.0003280763458832517,-0.0018982672105917638,0.003342894226026874,-0.0039121438346978125,0.0063897153113788374,-0.002303183652043141,0.001606367304085458,-0.0011222855642989335,0.0033901388094756406,0.003063230877951811,-0.006126461755903622,0.002186433075665738,0.0013474842351702545,-0.0011949684703411625,0.00018878563741951836,0.0004530855298068438,0.0003390480633478955,-0.0015985782113013066,0.10676261736789111,0.02466892701053945,-0.003177947294552198,-0.0011441054108944654,0.008288210821787738,0.0010795974187110889,0.0026743146835676605,-0.0008860691105939542,0.00012074487529705152,-0.0025202622097439363,-0.0008809181810564861,-0.014023672724226329,0.024872911064271825,-0.0038342125846610475,0.006921154863353578,0.0030056177471339354,-0.01132335162097551,-0.0041925694418790856,-0.003890143829864475,0.0002802876597286651,0.006575590188102017,0.038812755541917376,-0.09185938233222071,0.012315299479120807,-0.013261941370173854
-0.02822965938982977,-0.0014737467118737912,0.0006581134915598757,0.000534903406702727,-0.001148966064291719,0.0010642466957777382,-0.0010031996189560914,-0.0011482672105913802,-0.0022034655788159894,0.005314211547945997,0.002871576904107095,-0.006641237125877314,0.0032060662122237954,-0.0004121324244480733,0.0016779994750444071,-0.0033559989500888147,0.0034398293784958117,-0.005873551649104721,-0.0028463642135655495,0.002156346608836243,0.0016203010928265268,-0.0031561710596137715,0.0018123421192273732,0.0008753157615454238,-0.0004156396756863146,-0.00241916078761908,0.10062682426109543,0.011746351477807258,-0.003574131619371922,-0.001170319039665263,-0.0016816103251567592,0.005180217878373871,0.0032721382211879655,-0.0013281936282675657,-0.01123195607669773,0.0033118462684407013,-0.009495984475374055,0.06323087713122165,0.00014810972746898867,-0.0001564651013330607,0.033274593938167694,0.013282004757608703,-0.011166375203140627,0.0027763803541215023,0.0015443382408993748,-0.005200587042054288,0.0021372720754084095,0.09915511800502877,-0.03236124697623988,0.017692826621986315
-0.11388951841591562,-0.024386685544293477,-0.0007751922495732242,-0.0007049569199731936,0.0024230763749990437,-0.0018435455765794286,0.001048610685977467,0.0015520103571215037,0.0028959792857572195,-0.006993410943647994,0.004412654054823341,-0.004194289191881267,0.002866456617272813,0.0008242648488961465,-0.004213695990584062,0.0011353487462809563,-0.001723720611983262,0.001889287758157402,0.0023265905126618573,-0.000725460951706867,0.0001766879789088913,-0.00517810174206933,0.0032721332113871005,0.0004983696389451576,-8.473960293073391e-5,-0.0021766431504760307,0.012585304478796475,0.03500729704438486,-0.004170402581289241,0.004985263411702247,-0.001058946353190922,-0.0029823966621105344,0.0026999999999994606,-0.0021000000000001963,0.0064190596312496025,-0.0026237121740357735,-0.003194775840600619,-0.011510571798664243,0.009609799166777108,-0.03134272130642094,0.05541308199081322,-0.002695786967846187,-0.014024517363801878,-0.014196257217838912,0.0001909103861799332,0.006197651831782982,-0.010950911698366204,0.007766141987787517,0.007973716738639615,0.007640876794123506
-0.09602799471330542,-0.1392951559042742,-0.008338064622874187,0.0001761292457484593,-0.0016110158982322262,0.0017438216710423443,-0.002781749141591857,-0.00100320482085756,-0.003238783126998792,0.00492752038012875,-0.002973144973948601,0.0019531310613231695,-0.001727229134262189,-0.0030669133378609446,0.0018230001475121104,0.0008539997049759499,-0.007466977858059087,0.005957641702545193,-0.004415283405091523,-0.0013517459589111683,-0.0007932480843644911,0.003617997741548705,-0.00021513737233326005,-0.0013869948065089858,-0.00014671369904810548,-0.00014671369904810703,-0.00038349783393573395,0.048751215080094,0.04134793106562208,-0.0011962136989880092,0.003706312236168228,-0.0029295866484417917,-0.0008999999999987503,-0.0008999999999987509,0.003176238524998439,0.00023367664676426496,-0.004058144892652871,0.00061628978530546,0.0016185825428204435,0.00276283491435934,-0.022772536888240626,0.04554159847743197,0.05463097074066146,-0.002412051036513753,-0.009954130966909723,-0.0011605416158155483,0.001920228326972917,0.005629680955731164,-0.005669314079422269,0.0018425992779790407
0.05587527319954627,-0.039869387252857484,-0.14431271637535986,0.0007594540544453557,-0.0009332589913156172,-0.0042349954868171205,0.0005992405575128468,0.004540348679763104,-0.002455132507994768,-0.0012697400678162395,-0.0018871457596624673,0.002515558325446061,-0.002244254530309851,0.0037360467164657,-0.002733059099908724,-0.0004446142071280291,0.0073445157402388635,-0.008789673142631889,0.004203491917821682,-0.0009069838356445012,0.0027257289280091823,-0.005762774369673762,0.005665333618523824,-0.002318669803759792,0.001613850689529159,-0.00022770137905820447,-0.002402247860264399,-0.0009007547663596027,0.07285555663661925,0.03518960337572292,-0.0031747510553259924,0.006781723367565147,-0.008154631226145178,0.01102771465245917,0.00706137622501524,-0.008039962791108225,0.0026905275582829505,0.002445670847725887,0.0013268636545637764,-0.002919922200257434,0.0001846999479082853,-0.004145594671011411,0.021315023709554133,0.06736788628414003,0.004126199004068946,-0.005725037000659336,-0.0005154226150563435,-0.021919898067529846,-0.0016231046931418477,-0.016629602888083846
-0.005447040737404267,0.028805469191054842,-0.0010746034159246458,-0.10532216706420755,0.005516406469604742,-0.003448481115026222,0.0008969622300522172,0.0008969622300522255,-0.0014547926102252116,-0.0014885738410458516,0.0004125780338427174,0.0019186301343918502,-0.00021188719019322774,-0.0002876613509005818,-0.0020338818001828353,0.001556149724948101,-0.0009465240373181838,0.00501961258024907,0.0002670507264676951,0.0033189102173234466,-0.00576054194317028,0.003709594897779763,-0.0038661590374659575,0.00048819809484501483,0.001583982395393483,-0.002884024176673537,0.0016578675109251413,-0.0020916975700448364,-0.0029944482281667765,0.05143002120866092,0.035931459430981756,-0.0009328620756335974,-0.0041958955936473195,-0.006721585322765275,0.015365933602269304,0.004439590702190831,0.00012065677484723365,-0.0032413135496960023,-0.0033423091682551857,0.002797143791574987,-0.0013902513267949833,-0.004582378684046072,-0.003765057580344952,0.013240161670433058,0.04461181095524162,0.0035510407109688286,-0.013421964951502711,0.03258204512537308,0.08663049896334916,-0.10844913118429068
-0.010132911405871818,0.009322572211292113,0.004668617697545696,-0.031447917252484754,-0.10622665511681337,0.004013898160628499,-0.0018164582177943337,-0.0033435313985080476,0.002977147682091792,0.001545704635815989,-0.0009574431574364737,0.004136250536398533,-5.8732176063940546e-5,-0.001150645403602326,0.003301442056793611,-0.002942716396903402,0.0039062048064726655,-0.0008751807741099646,-0.005586059232607844,-0.0005080123905600944,0.0020174455631706938,-0.001034891126341274,2.9634426651936086e-5,-0.00032597869317129796,0.0003359295815737028,0.00014691585763547385,-0.001155781028046551,-0.0003166048599104971,-0.0015494227674733671,-0.0010212048461271934,0.026067243968553838,0.027265132683546103,0.01746973463290767,-0.014724451370319436,0.010463734409076147,-0.00024163719123647387,0.001747773729727899,-0.0002344737330255256,0.00013076332697977092,0.0008294128334857206,-0.0010952616390142481,0.010147559257544098,-0.0036662960360866314,-0.004057911781665618,0.039804852382045515,-0.03948109886949588,0.03931214019398999,0.12571144793207917,0.054149312919787536,0.016173648927060396
-0.03901474279690601,0.014038842071852506,0.011174470790183374,-0.01030357374822885,0.09169330528368941,-0.12325019549806192,0.006125684243214874,-0.0002513684864307144,-0.0034190552708318325,0.0024875551739252976,0.0006702273702542759,-0.0009768768773943575,-0.001950092890645962,-0.004311492958353046,0.004122985916705923,-0.0032004926108368218,-0.0007945812807892359,7.14285714280655e-5,0.006606851503538916,-0.004213703007077491,-0.003405279173200962,0.0048604354946352405,0.00019608522731486897,0.00019608522731486507,-0.001788623892804092,-0.0002938317152709477,0.0007135913085151586,0.001733580560358124,-0.0004671611207161347,-0.0009485025165473594,-0.0011029949669053944,0.004812161076555204,0.05363703211701839,0.036725935765963696,-0.01719155828876828,0.0034669503553586335,0.008115673756243762,0.0040232774851891515,0.00034859890353817645,0.0003176513339436563,-0.004381046556056987,0.011506450428019975,0.011572535693692374,-0.0021450713873839536,-0.07095464149925344,-0.017066153956763204,0.07262328665035446,-0.003071140084819943,-0.17065835435390958,0.16671065228937473
0.03653496950300955,-0.012500000000000405,-0.0136278826671335,0.005956310384842771,-0.007162528447046092,0.11738875430407004,-0.12494033875548136,0.005140822691883166,0.000606235969998792,-0.003344104122152456,0.0007851453436756512,-0.0012543543486660757,0.0030533806064937385,-0.010608077065204285,0.001128269728215422,0.0006539154966363573,0.0005310344827604644,0.0020000000000000777,-0.0014771177653492415,-0.0010358590509401172,0.0008677366197755565,-0.003623586035310183,0.011419520086439804,-0.003904778409193373,0.0016748628208443292,0.0031379801270451846,-0.0017018652025927148,0.00040373040518531644,-0.000395527913741959,-0.000753717923770608,-0.0008191945412455044,-0.0036243221531101814,0.0025211910986999405,0.060103107685079975,0.049347495950898275,-0.0032724901664679135,0.0027199180042286435,0.0007663509699721223,-0.00115589271349242,-0.0018262665284625348,0.005152533056925126,-0.00192010161296077,0.028918375650626993,-0.14949011390554945,-0.001019772188901055,0.025000935548148653,-0.044917708937537305,-0.004838089573896791,-0.025740558007485446,0.005342609157500374
-0.005272727272727137,0.004000000000000014,-0.008954545454545737,-0.0024254086442731587,0.009318849564662498,-0.0175387418378238,0.1326106160004894,-0.1243349118032394,0.012241928665011212,0.0017466598651984307,0.0018605904802041907,-0.0010000000000000378,-0.0016868321227259697,0.0006680208694762103,-0.00011008408475882851,-0.0009247929210599201,-0.0023778229422419654,0.0020000000000000703,0.0032943560839018464,-0.0011434362037603535,-0.0007870781692125866,0.004247172070619542,-0.006994344141239026,0.006882541248645446,-0.006818750077220694,-0.002477951737109539,-0.004140699499821478,0.007214508202793466,-0.003523927888211738,0.0002643950253779335,-0.000528790050755867,0.002221976151122587,-0.0017556914222887595,-0.0010875692596804105,0.07625591241384753,0.042680712304281804,-0.0021502712578514104,0.002735369991161144,0.0034914014032093378,0.0050171971935817775,-0.0022838656992373477,-0.003038227728072867,-0.006411411801597238,0.05411567866396111,0.009420911244396285,0.0061405850973527566,0.018755856833225535,-0.028066686491361164,0.03503776797005811,-0.007449132051249104
-0.015720245491590998,0.004000000000000482,-0.003500000000000794,-0.013940175038928611,0.009341925428219903,0.01863559643238168,-0.05305753599804238,0.019163203082693123,-0.06603531347931751,0.0038735971776116375,0.001746659865198432,-0.0010000000000000358,0.0024100229508139054,-0.0023380730431667345,0.004059663660964853,-0.0064739005266249705,-0.0007870942071280671,0.0026580362784120706,-0.010371340949009959,0.008742681898019466,0.004368080743721699,-0.002827955779950349,-0.001844088440098875,0.0032303475005553807,-0.0005786099977789899,-0.00032716892011695227,0.006956365752429903,-0.006929016405586647,0.0013439780802754608,0.00016462466218728126,0.00038821190770763775,-0.00044173766234754643,-0.0007316309282420587,-3.673814351593939e-5,-0.0015646361909339144,0.056222340544591756,0.018469623078271782,0.024560753843456636,-0.003519919966439108,0.0005277966293809731,-0.0006506033192403423,0.0041003192401275375,-0.005000857053263614,0.008420877139998048,-0.040580848117198164,0.040917162155122894,0.057525288313901024,-0.03726674596544443,0.016867812104796535,0.012947892124461909
0.019660392365581942,-0.013190195939470446,0.012880391878941803,0.013131423083311899,0.022539771668752474,-0.027457614270473583,0.02369852026672135,-0.03675561838943118,-0.069626319728005,-0.056110482991944564,-0.0016133095281943418,0.0012133870663051665,-0.0028945736549783555,0.0003040943523198993,-0.005611898587525078,0.011515121491245481,0.0003410876956307344,-0.002213109282608168,-0.0005899306587964056,0.006841849804376529,-0.004295093913164851,0.000415686821940888,-0.0008162591649331243,0.0020345036636945646,0.00036470997557221254,0.00018769711387392918,-0.004013800116185483,-0.0022292621788980497,-0.0015541428523010057,0.00424804014435707,-3.095463629738299e-5,-4.5515796503641004e-5,9.103159300728201e-5,0.0037034152110899036,-0.00352377333172986,-0.003278191906072751,0.04342627355235308,0.04712189934384826,0.039659107217669215,4.133244449945277e-5,0.002603603920600358,-0.0015987230394887582,0.0009965717869463396,-0.007961991267349462,0.01828296841019423,-0.017065936820389142,0.053160889608777746,0.07540886195490992,-0.029422467036984066,-0.012352862593177496
-0.011998832166670997,-0.0030023356666590306,-0.003002335666659049,-0.0029743076667518437,-0.015840025858863186,-0.011945288253738837,-0.005140614862719084,0.012120787517190128,-0.01184823887510578,-0.05944193196777901,-0.019247316533840125,-0.000926774132610987,0.00035354826522120646,0.004592270379261587,-0.010426332762950827,0.01052238738064212,-0.0008283558322460692,0.0009958824891283338,0.0021402773648127706,-0.003260347848139092,0.005863826329525331,-0.0012265856294014178,0.0029788508142605855,-0.0020319146669495474,-0.0015411600977103743,-0.0002741502033243394,0.0005483004066486788,0.002580948576729792,0.005095571375307051,-0.0020892447686024483,0.002812356690108398,-0.00047148984457785883,-0.0005570203108443392,-0.0020758078165200046,0.0005035133068690231,-0.0007462704909380755,-0.0008923786271412631,0.0008733251949961119,0.06846567729389075,0.010203399237779305,0.018077458993965144,-0.0008520489336197092,0.0002754281793177253,0.00673505600239338,0.000631601291231782,-0.0035173039393524897,-0.0708193033356029,0.05556898315781662,0.043648582054654564,-0.002188945370201141
-0.0021136105762814745,-0.01246636534169469,0.003990657333363327,0.00996262933346005,-0.012582949230162928,0.013581414330509035,-0.01566133002759858,-0.011384226614122405,0.012218836062869125,-0.010378907606279485,-0.13574101930537485,-0.0019382967025976324,0.0026207361039102257,-0.002601812606797375,0.008178236710024817,-0.003873828485085924,0.002550726320923713,0.00012903334045843577,0.001304526985808488,0.0002604344630356434,-0.004502089624776359,-0.0014958207504476805,0.008324469331778236,-0.0016489386635559042,0.0072062964538564395,0.0016660363619623118,-0.004330898743097092,-0.001032594369634929,0.004821003734575931,-0.0009870222536786616,-0.0008611885077923937,-0.0011262058448094304,-0.0016901423551698206,0.002753513306868886,0.00201405322747609,-0.0003737372189766734,-0.0003737372189766711,-0.0008066381824863071,-0.00015314482778096007,0.05186451663955744,0.004097599586085453,0.019122941170645707,0.008986472354370723,-0.014642278862956298,-0.000645093350071149,0.0064887498713991024,-0.08498766330836573,-0.02352467338326877,0.014094328218618345,-0.020769236769061682
0.0013848466734495103,0.009882278695930138,0.01384847925831701,-0.013418758241502175,-0.001881126431069165,0.003102733656727252,0.009814655096595112,-0.036630561946245775,-0.007104896256109106,0.013826176621979122,-0.0067902378393824465,-0.14597319841064674,-0.0029360733952104178,0.002890116330793495,-0.0035902825176422283,0.0033254643470240655,0.0014293612034885074,-0.0032782844006277417,-0.0005171861744115997,-0.0004582621478565933,0.005272985872539685,0.004454028254920488,-0.0032744769292720366,-0.0020957546542234437,0.010702901031374152,-0.002331802593336978,-0.0003692513778685566,0.0016265046745098744,-0.007714213813619427,0.0019492502195616694,0.0006014995608761211,0.00038826429290327795,0.0017290927780606248,-0.0009859467725240236,0.0004718935450479904,-0.004009929190738914,0.0005198583814775438,0.0010562896555619476,-0.002112579311123895,-0.001525808238449612,0.002462081213193618,0.04007593978413562,0.02848421075552632,0.02403157848894687,-0.01679972215246416,-0.007186963973398508,0.024385936811334677,-0.048749890799080174,-0.002122687125527077,0.013080474198622486
-0.01783902577580684,0.02086827623982678,-0.015055976169968873,-0.004662483516995421,0.006583942508742073,0.011335770034967713,-0.029046222314982193,0.044985533577790074,-0.059536295831776026,-0.0011687873174061354,0.004552769199415979,-0.021179478723681158,-0.1549334133646182,-0.0027238235596259317,-0.00012404473267784946,0.0004953008715133082,-0.0027527642122096904,0.002473995402196757,0.0020866246902142846,-0.0005531864157497415,-0.00782830268987881,0.005816113019680602,8.881599453501586e-5,0.005053301196457213,-0.010558017191397035,0.010212327464822818,-0.0015576669150348845,0.003060337097395528,-0.004428571428571597,-0.00011764705882353202,-0.002473101155145486,-0.0006785269418161684,0.0016257356705899964,0.0003711373025968805,-0.00030459452242681437,0.0038542164113123866,-0.00020843282262448997,0.0005557985621369621,-0.0007616275776380702,0.0009346980830972235,-0.001983486072789823,0.004394063833707636,0.06377451818681963,0.022209023669700463,0.02358929710548267,-0.016747855893594444,-0.004245304924682035,0.008248798789879632,-0.0016781032055103288,-0.001678103205510331
0.001269483419696419,-0.0010389668393927813,-0.0013031191112801788,0.009287318686948029,0.011425362626103655,0.021123671853493634,0.02888030920170482,-0.07955786568883885,0.044069102387180495,-0.039798097456206216,0.0015897494570375988,0.00343587690036874,-0.034733653458472596,-0.15510721409164768,-0.00034014268934881716,-0.0008882248972968095,-0.00043440598811064833,0.0015812896166658983,-0.0010345136583322508,-0.00037083299032212154,0.01411132958866774,-0.005722659177336052,-0.0011447360218599925,0.006650045202125479,-0.004075173386230246,-0.005285237118950834,0.0021135147931420355,-0.001711179840885785,0.0020000000000000777,0.002000000000000071,-0.0021993594716488503,-0.002871667844974693,0.00011690762351072497,0.0011987545104775229,0.00021733829452105685,-0.0026343677494055267,0.0007687354988108828,-0.0014675099305788554,0.0001353812599781053,0.0004280943813300906,-0.000583766002504764,-0.0009790358732593462,-2.4169996383783283e-5,0.08560375606519881,0.028278904969013603,0.022523832608451606,-0.0013016458285029816,-0.008620795764577943,-0.0027919207479912525,0.000715400397566267
-0.0019162423885366229,0.007759014934929629,0.0037875235548796233,0.006987138225199616,0.0275892997714565,0.01085271669629273,-0.061309324189537745,3.239671379132922e-5,0.0032522164509909924,0.01708971885447135,-0.029731070921159442,0.009243507601476556,0.001967306916945481,-0.03188077233221657,-0.16053698410537703,0.00029851492403493147,-0.00023762395244253574,0.0009359279019907099,0.0014916659806447161,0.0015166680387107383,-0.0021770372458161814,-0.0030507490493024095,0.0005920962404630148,-0.007300090404250019,-0.005821827774315671,0.004359051524196739,0.0038702165875480316,-0.0008026257113824161,-0.0009920647651119237,0.0020000000000000543,-0.0008549525862039908,0.00036202770935146934,-0.003100361650324118,-0.0010419788492141947,-0.0007606840308236985,0.005201740139120024,-0.0024560904869194893,0.0030169953561170267,-0.003503807844805046,-0.00015254309194011036,-0.00029656827963236727,0.0015895065221479775,-0.002165405012658618,-0.0026131462281953097,0.007135728757737538,0.08776607007578986,0.03481875473473593,-0.004865641571576691,0.005067881337901413,-0.0031680824051449567
0.02842900853990841,-0.013718575157300662,0.004436398972347369,0.007141479522803849,-0.012024017345069065,-0.022589133214828902,0.005481757632256391,0.009142618218909496,0.00022561903910045948,0.03484597245969317,0.007308748224057963,-0.043117496448115585,0.006369227667782748,-0.0007384553355664625,-0.028647936421507765,-0.16993960939989178,-0.0028506273721536205,-0.0010902995905038234,-0.0016460376691608142,6.66721548436122e-5,-5.259029602646506e-5,-0.004283555572061736,0.006431329821125861,-0.006095992578074314,0.0035502093687167255,-0.005193365609741503,0.005755316480801547,-0.0064987367480902085,-0.0070101402837259704,-0.0014219967247413772,-0.005263303589618919,0.006185440233863805,6.962705287942698e-5,-0.0005382326586407601,0.0018838143052426592,-0.0010089165491507554,0.00051821669016783,-0.0008200616650836056,0.0037058640437735197,-0.00385709839202121,0.004499844372075669,-0.0014097275696216434,-0.00018054486075611676,0.0023960117986833295,-0.00307100866694244,-0.0015710086669423837,0.0022887745079096375,0.03676931318150529,0.006703096559202026,-0.017495706112002067
-0.010129718221537576,0.005597626874456989,-0.0047544041106104854,-0.0013880692019700477,0.002527580402992055,-0.003518275079789507,-0.0016660568364423234,0.015250836233816756,0.018902476156401615,-0.03933776571906222,-0.001114586447262916,0.030999634231138096,-0.007682308932887088,0.004834593674482705,0.006295872843016435,-0.026146683397811253,-0.15845084566416667,-0.005637870186460854,0.002101284645031594,0.0012286036347661552,-0.0017103611841068039,0.0038608943115415084,0.0029503018756564113,-0.004944081641178209,-0.0023404026908926275,0.005002981238619236,-0.0025059624772374757,0.0050119249544749505,-0.00021450900696003673,0.0036419639721582443,-0.0021036605141906356,-0.001307497710811576,0.002858840120123301,-0.004593513819274842,-0.0017016877112252975,0.0004362415844041543,0.00043624158441268033,0.0004932738594465044,-0.006642229201154713,0.0044998443720738945,-0.0006424791893219272,0.0014839757193083167,0.0007778205569747011,-0.0023561297855157104,0.0016420173338847095,-0.00028403466776930563,-0.0004155952334946388,0.0008311904669892776,0.08580729269998176,0.016182289157187554
0.015204013775380748,0.00034833924343930916,-0.004405832957847625,0.003342565164275125,-0.0038033844329116895,-0.04028813559255269,-0.003094279021718927,0.44666718203875405,-0.004763156379831947,0.0023555519039616148,0.013128945955012317,-0.003201176494283778,-0.008597647011433012,-0.016544599096347933,0.008683491372064218,0.015499088251827534,-0.029496808881397198,-0.16797232672997245,-0.018924349370065797,0.0023019492803398106,0.0008139730251741598,-0.0012160128985626512,-0.00469879249737409,0.006150871045881673,0.00249229040001578,-0.005834354659057205,0.004168709318114125,-0.005779778513034625,0.0003223192459417311,-0.003644638491883577,0.002032347865038218,0.0013183628848264565,-0.003514326006012586,0.0025286520120250022,0.0006932491550990942,0.0017449663376166151,-0.002311604808689507,-0.0012559401583648003,0.007064521212702893,-0.0034176392710479194,0.002641673026791151,-0.002943915017579024,0.003443973873275204,-0.002387947746550948,-0.0002840346677693057,0.0005680693355386114,-0.00028930347022183747,-0.00030431970554430847,0.0014680818828000455,-0.1257708433712498
-0.0011057965646945253,-0.012106643026242377,0.013973275920873756,0.008658385266817137,-0.007333101664347071,0.01716949151807758,0.005800391909889773,-0.003932263001330721,0.004394720178153155,0.0075055683361331706,-0.004920123714867342,0.01644896064792551,0.01657411712576371,-0.004009409940172733,0.003233965488258329,-0.012036826197469408,0.006431935294011241,0.004031227893742412,-0.15007175653691981,-0.06136784515664381,-0.002953703276915527,0.00010000000000000465,0.004417466448153741,-0.004211132568537667,-0.005567037590992191,0.008489336658399235,-0.0017598175989698719,0.0025595570260696235,0.002740572254292981,-0.005232109744183411,0.009553207186015713,-0.006057788880324239,-0.000757072482689412,0.0006613305128107535,-0.001322661025621507,0.004020512678063122,-0.004761211716721843,0.0030501403846002286,-0.0008137624236963586,0.0022006419732134752,-0.0010153435890080302,0.0013037025615262442,0.0018925948769476825,-0.002543461600405939,-0.0008307045866755224,-0.0002487626909244974,0.0003485048043126243,0.0003686435067280611,-0.002627327548847976,-0.001629243078491226
-0.001247003477076242,0.006371138228294275,-0.008246917405857871,-0.011932026751801595,0.023864053503603187,0.0014954114603643555,-0.002990822920728711,-0.0007821197774481578,-0.004240640641953443,0.009730510823533477,0.005970433002033492,-0.025824329685524765,-0.025824329685524786,0.013324756429837369,0.0008880869123992397,-0.006095316529725371,-0.006544214231426447,0.0036564931688352928,-0.005210678093881465,-0.06276634884409342,-0.09718571428571438,0.004900000000000183,-0.008949273786831994,0.0043224582539127384,0.0015199484352662982,0.0020743903033137653,-0.0023704841904630095,0.0017980966902076977,-0.0024687542249259625,0.008975047073265255,-0.006920304849054075,-0.0010822823132996236,0.008203727838503861,-0.007543460203859545,0.0025492712818396815,-0.004177745039820663,0.0028128066432057137,0.002824508653899708,0.0017119075548143034,-0.001482882624829418,0.0019786671974316907,-0.0011260917501448285,6.9742385121622915e-6,0.003886952789521887,-0.0017739055790435463,-0.0004793675209945442,0.0016777863234809036,-0.0035690596901121574,0.0011381193802247975,-0.0005169723139646749
0.005048896856778074,-0.006548983799029369,-0.003801016813709201,0.018681779527323604,-0.004806708185175142,0.014998563075936186,-0.006893826515270302,-0.0001284791097916283,-0.0010947645405743527,0.01192204329413376,-0.035142476235467804,0.008567238590142112,0.011912991723955798,-0.04950297990103424,-0.021305136954535817,0.10461873388109799,-0.014074067996952272,-0.006962977721687882,0.03623737332858404,-0.07397474665716815,0.11652099846068803,-0.12625999533479199,0.022392297109598072,-0.001095244333769881,8.439185584144803e-5,-0.0031511506088942945,-0.009639826679446769,0.00781696006078871,-0.0003593602127594695,-0.003197199011397189,-0.0005168054095362729,0.0034256126624877922,-0.0038512253249754712,0.0035129321655223773,-0.0009324869564242997,-0.00016295824743747076,0.0009210241264058723,-0.0005224871641294972,-0.0014916764418498926,-0.0015599108130972925,0.0025766153167104764,0.0010205085360659473,-0.0013217798762289535,-0.004243392650070318,0.000657434548136929,0.00039659431949708315,-0.00045564955828925735,0.0027903160782844546,-0.0005193131824723175,-0.0004935636288887848
-0.01277495734251091,0.007378326110689801,0.007720206339579859,-0.012891766131299859,0.0003114391697836957,0.03987712166043272,-0.02091194310093532,-0.018769053427686262,4.240994631387178e-5,-0.03994961093624295,0.07894439770904431,0.02959324940926431,-0.029232173536946085,0.03543656273663774,0.04498680205716859,-0.08105453613187766,0.02605728415397283,-0.0008938120930454393,-0.014330806650043448,0.05550211056814748,-0.10500422113629473,0.05001999066958411,-0.13430951133246,0.0031190226649198695,0.0019209216630906157,-0.0012327984418972517,0.0012796533588942751,-0.002083080666743867,0.0011661613334876203,0.004056176616436448,0.004224706465745328,-0.0033593231584783697,-0.005281353683043714,0.0006911853097353051,0.002270052174303915,0.0008481670102501734,-0.0035646869945618618,0.0017999541296509908,-0.0015915591396518716,0.0028813968194260813,-0.00021442143702589097,-0.001444304135420724,0.0022128804950853577,-0.004936583190563925,0.004563629828767419,-0.0007973867270062007,0.0015947734540124015,-0.00033785916377558,-0.002283549198468857,0.0012569826994779437
0.010740495063840639,-0.003743475010327779,0.003138731764714028,0.003493563574246643,0.0073291624912965,0.018529667302643632,-0.005349959272866372,-0.055625000000000493,-0.01874122739831418,0.014370968918566809,0.019500149841960378,-0.015117596527382288,0.03157130585221595,-0.1368330345493798,-0.050854822628858896,0.027599897450653485,-0.0018753701823889745,0.011411613300087766,0.0446767733998256,-0.03675738698851734,0.03154919972305999,-0.0540983994461199,0.028169158513707295,-0.18163218623051747,-0.0031301382939960976,0.00327940110917759,-0.0009564328766223185,0.0004214068047135316,0.0030250761835028065,-0.002976869668392093,-0.006882414996584362,0.0041187307190923474,-0.007665557516822955,7.142857142806357e-5,-0.0034366514985572807,-0.003329837112751688,0.00294389013096819,0.0020760170623341707,0.0019805200338502303,-0.0016953650136822015,0.006634002173672249,-0.0012772165416827235,-0.0019455669166347236,0.005033732373596237,-0.0018412139450817969,0.0037563772159081104,-0.0012589948681385698,-0.0022461082560988905,0.004409570739482574,-0.0021494394481727176
-0.002756718853759278,-0.005361767056783193,0.001086339294618738,0.009251454881005098,-0.008753533282441448,0.00017365967091715934,0.004152680658164431,0.003999999999997784,0.0040000000000048825,-0.001741937837134019,-0.005082907233245561,-0.019695420429074396,-0.04581602849823859,0.005694880169824254,-0.004471267420761605,0.002942534841522983,-0.0008035935791262888,-0.005212616893100447,-0.017372848859144537,0.016335324008997794,-0.009889672064176572,0.030284534149217543,0.0028701243586126872,-0.012249583599469293,-0.09493207506884864,-0.038742895097338186,0.0009857901946770254,-0.00239406190135849,0.00979624355434996,-0.00305617366247572,0.00011234732495192317,-0.00322469464990396,0.002000000000000072,0.0020000000000000846,-0.005971719755051969,0.014148268421593443,-0.006098618673770788,-0.0066400992748765365,0.002291527734502213,0.0008080765154518775,-0.00087060621279746,0.0024680422656773934,-0.004545609097429879,0.002409631841004068,-0.0003057511922139656,-0.0008884976155714152,0.0004434942092458152,0.0011113788963458616,0.0004022422073083305,0.00040224220730947154
-0.004443955883418731,0.0005724337083309536,-0.00015464282152521914,0.008137903334521027,-0.004734106629456377,0.016626297942485706,-0.00888927736734324,-0.0002214452653142001,-0.00855710946937194,0.00031031404688006614,-0.0007536198281373033,0.021987326403262925,-0.0016781590659660807,-0.002643681868068065,0.0022873637361360164,0.00018375089808572758,-0.0005848076379714751,-0.006500000000000011,0.0035370206282426095,-0.0002860217542438968,0.01450107613985236,-0.02712987564138845,0.01075975128277525,0.009123542598141248,-0.020038384462843038,0.022191575331857297,-0.10888315066371419,0.007591027322999841,-0.005106820437878517,0.003682639078342344,0.00013472184331488643,-0.0014819402764637555,0.0024152921401753586,-0.005321793448480871,0.006179433120305171,-0.008643756930125738,0.0033612627290207256,0.004138429752065949,-8.305546900425593e-5,0.000864121020727157,-0.0011112826651954997,0.006054869339218394,-0.0025691844369811925,0.0026807363179914383,0.0005119005020917748,0.00045834824268064915,0.0006977702676415073,-0.0030544844146159476,-0.001391031170767679,0.0015222831196598674
-0.0016462085238620038,0.0002924170477238943,0.003804132566561376,-0.019781786741086747,0.021563573482174237,-0.008179453118764985,0.011287756828001157,0.005800030690608037,-0.01055011685719795,-0.0030181861159556786,0.008985520687450347,-0.0009809443433227549,-0.02373240641637824,0.07203736373613652,0.023925272527727623,0.023484486130268722,-0.02369570145594008,-0.0064999999999992945,0.04798152133141192,-0.023927931926273998,0.020747761741958387,-0.017618586419821624,0.027094947628781584,0.0021693918925423388,0.01628734833436129,-0.032697845954878166,0.11835030266172847,-0.1299136738031884,0.003327347606377056,-0.0029378441869155124,-0.00012431162616920202,0.002539766074990251,-0.003340935700038618,0.0004459005546156459,0.003018755999165036,-0.005746850744561268,-0.0003141711229950824,0.002477272727272821,-0.003250000000000126,-0.005499999999999493,0.003054869339219172,-0.00019636919535612256,0.0022019517320561247,0.0003058647657051736,-0.0014761267278704546,-0.0006819915481053561,-0.001675472944052802,0.00331372142093565,-0.0021274428418711303,0.001254885683742147
-0.015947959591827845,0.0010164732944386448,-0.011309871216958357,0.017084549259353387,0.011996883716177019,-0.003911057501730721,-0.004165325108011746,-0.000669349783976849,0.0005702666013644341,-0.008799952724489116,-0.005418582546542389,-0.007222206284353308,0.013444269127887471,-0.03138853825577512,-0.009698332871384907,0.025706668514460924,0.011674809231057655,0.011674809231057634,-0.011955123233429045,0.0337465602361583,-0.023993120472316373,0.023138104278579506,-0.014088677479457686,0.04400561501007696,-0.01157469666872178,0.00974282632738211,-0.006728104901814658,-0.05413358337630308,-0.14729511795872804,0.002090235917456391,0.004229729336980317,-0.0009594586739610595,-0.0008524538573512091,0.0007335885007309232,-0.003206315990810711,0.00851259702175523,-0.003525194043509949,0.003188133995193895,0.0022317813975868293,-0.005500000000000928,0.005990688438866434,0.0030186231222669884,-0.004815454300541852,0.0011794733200319776,-4.77465442599152e-5,0.0004918585688643177,0.00406900572127109,-0.002338467254543354,0.00017693450908795892,-0.000939324256398979
-0.012452840814602318,-0.006363978882546576,0.011221506840738483,0.004988526400215686,-0.017825326988854823,-0.003329607582870192,0.011088699567953358,0.004822600864092884,0.0022810664054577342,-0.02284502642529291,-0.012809947149414976,-0.0008003460417688346,0.016943480203381576,-0.008726079186473043,-0.019293331485539758,-0.013473339800612123,0.02544667960122419,0.0076066407975524195,0.017092931317000716,-0.04876504804079497,-0.05397248188926472,0.04256993433798075,0.01192964530725455,-0.018410245147788856,0.008185858017260655,-0.010371716034521087,0.007798367156350705,0.0074694171393292624,-0.0089388342786583,-0.011651406836893311,-0.10917912817585343,0.0011287540307137263,-0.002741259788876192,0.0014343540029236358,0.0022221059678371492,-0.0055869337191234375,-0.004505042710810979,-0.0029899145783770747,-0.0018927196978560366,0.0038629089059538015,-0.003930663176598585,0.00040436420117226666,0.003354090051895975,-0.001878156620111837,0.0030757195606716725,0.0005162828622721319,-0.0030927043036662874,0.005061251132131443,0.0017104925212490854,0.0005348364750585683
0.037747274525888365,0.022003767708014047,0.004765753248152053,-0.005039928482344202,0.016078596877399785,-0.011619449559398438,0.01959500518029334,-0.021111087501836066,-0.0051223385802018,0.015003544318816031,-0.03051308164665523,0.021187673012742055,-0.027915640137810158,0.03179512604896717,0.006609329669060765,-0.0035505664234354813,-0.011948624400227877,0.007926563190209703,-0.04961642717911433,0.0004970374349914638,0.05966328542717627,-0.018826570854351583,-0.006281418770982064,0.023062837541964528,-0.09351295286893058,0.014531456967401888,0.0008802082246168098,-0.0031223314426824245,0.009268883992189739,-0.019888934862987685,0.10897040993438557,-0.16589386175235116,0.008100057909840797,-0.0016805264919591085,-0.0024682784568726226,0.0022833817934420136,0.0010576405844065443,-0.005204622584315844,0.0020241821880923236,0.0019516356238155797,0.0005967287523683004,-0.0029814765928321053,0.0003101680749127587,0.0029873735195530475,-0.004197121757313044,-0.0018069900179524614,0.0018244650628316662,0.0004250709721655736,-0.0024390361686476326,0.00037807233729509514
-0.004105776442501671,0.008907655758863351,-0.09188455214564017,0.005382683457120357,-0.004765366914241907,0.0007388991187960233,0.011051995976357313,0.0003587102011549499,-0.0018147596396487038,-0.021038987506974426,0.01435253749968644,-0.03044497908131955,0.019920974740626856,-0.03170297843027982,0.009516930992517734,0.002121263718022817,0.0017055023990877043,-0.014407826854846192,0.023780698970255556,0.03479290908644964,-0.019984796323396604,0.006946787131887521,-0.01070215074757306,-0.013152605459057122,0.027678660049628132,0.009438934943611367,0.0014192712138395597,-0.006387297559399818,0.005808906027337347,0.011511178845954173,0.02363104574900015,-0.024762091498000873,-0.030760367757570645,-0.10040615341716204,-0.004565773742780089,0.00473020809973166,-0.002916219670777579,0.006270155755806574,0.0017345144797691063,-0.0009929497392339897,0.002411449366711119,-0.0029259063713289635,0.0012406722996510335,-0.0013927231099154392,0.001677872946195243,-0.0006340866684966849,0.0034636533260134854,-0.0016280102487394117,0.0029274341015482703,-0.0007561446745901904
-0.0014231057700069996,-0.0015466239425629446,0.017433912353697893,-0.019363097163963516,0.010419036056659376,-0.01220255003928135,0.010275634581321193,0.0257445142959569,-0.03498902859191316,0.0023677347054618676,-0.012394255267942987,0.015652092054631993,0.002151690696155836,-0.029267237266925875,-0.01968397526754294,-0.013132049464914683,0.01255895023350197,0.039155960783845825,-0.011093047617911134,-0.021976476202976002,0.011012684926855797,-0.010025369853711141,-0.0030424723834940413,0.03667866004962776,-0.011857320099257461,-0.018292939187056337,0.002677084855357234,0.01449999999999996,0.009363006721813272,-0.014877808541244722,-0.026997675444290704,0.013491864055014409,-0.025483728110028765,0.10435770853219997,-0.12883849951507864,-0.013162643259206968,0.007219226479043905,0.0010463029648064795,-0.004207235453519827,0.0034753240873189677,-0.003301626996926718,0.0008661253457712579,0.000582572513176986,-0.011573699440783776,-0.0003190894065380803,0.0011466950632262865,-0.0021001865861469704,-9.188726386715359e-5,0.00032160542353503737,0.0003965063610655815
-0.001344254639751304,0.0018839061139166245,0.017443176762277333,-0.007198323912558211,-0.015977484431039187,0.024598964511473035,-0.037058706182148404,0.02443886457264527,0.021544783723218327,0.009034449768777146,-0.01162630998790226,-0.004191022148735751,0.00922203462689045,-0.03766525457684306,0.07009259175590511,0.015264014163544986,0.01763822256722017,-0.07840519742806833,0.09216819099823757,-0.051446733688161765,-0.01267441404526797,0.011848828090535429,0.010817432931342802,-0.016946215469065943,0.016583893360215606,-0.006800468397297483,-0.009569356766084869,0.014499999999999949,0.02349999999999924,0.024000730299145297,-0.1122419854344658,0.010346949020630063,0.010346949020630008,0.0064518370214750615,-0.02985350050154802,-0.0853773331532174,-0.1157453336935647,0.006490667387129432,-0.0009813347742598315,-0.001629862870189996,0.0011847559153689172,0.00020491834121432698,-0.0022662531339847887,0.0022579480427435466,0.004158705252522687,-0.0020360856947316272,0.0019901385683622976,-0.0027355854034695048,-0.0002135783058590193,8.602544426226851e-5
-0.04629373748523747,0.05403562445566732,-0.030323296768764517,0.018444133693955266,-0.024313326134273314,-0.006383431755069165,0.010135017714339846,-0.040827510299096474,0.030308184219805617,0.0013052950665382805,0.013889409866924064,-0.004207569721895836,-0.00752712119411564,0.008680868444736888,-0.012129632976380006,0.015550205280426237,-0.04497848655635589,0.06939360573313968,0.004366658523994752,-0.058085929430219674,0.04857750866633519,-0.0027536124006724517,-0.005710263592600874,-0.01870364556082768,0.003775131417157538,-0.0031948476297270906,0.024954152146205156,-0.019739692439600748,-0.03881707894359018,0.12227264359446952,-0.10956400358915121,0.10329385459999486,0.0029029038008660185,0.0035963259570490802,0.004807348085903715,0.004872641007128923,-0.06008358194595697,-0.12118721920820379,0.007905267228711776,-0.0047561262952592895,0.0004512829679794377,0.0037744936385070253,0.0006156828076842539,0.0012598654857460439,-0.0010197309714913198,0.0004179537129794603,-0.0009802771367251925,0.004837264845720728,-0.0014619289110366779,0.0015784382217715423
0.09616379838123951,0.016745061074131908,-0.06559776603557825,-0.021804467928843593,0.02026717256863777,-0.00753434513727571,0.011194517794847684,-0.028310041196386054,-0.021390026417860586,-0.018271320390902127,0.008373206663619107,-0.013086701155118868,0.007781988519574499,0.009727509880763168,0.001953715417328491,-0.00905225808468956,0.05010789144742518,-0.020127620065987624,-0.021097852185981456,0.07717185886043929,-0.06486383816154467,0.007447776207876767,0.01915894562959631,-0.04823084779265194,-0.006699908118424758,0.0189865054293118,0.05447055416527646,-0.035176095818040924,0.05762817522594995,-0.05319861329082452,0.14034338891853276,-0.10745440879659701,-0.024411418499297066,-0.013469775055219292,-0.010880828944942815,0.007023586125543741,0.003562761872718206,0.010401881870892941,-0.12748667634205588,-0.11313819054603974,-0.0017236189079191894,-0.011040192012890096,0.003413878341794791,0.0021591379619090778,0.0012238763821017257,8.043038692628348e-5,0.0018104340645177248,-0.002118815972835495,-0.00026236805432918006,0.0006371795605137229
-0.0025589205473358903,-0.02219567181544835,9.218112452414209e-5,-0.0011363873447459776,0.01712816616615043,-0.011879792019534666,-0.0076808122819657,0.012367659337012617,-0.03756010567144225,0.033075323954966616,-0.015182929604919494,0.018969232248152463,-0.000707695253769105,-0.004557919947954326,0.008509130409384176,0.0028232631597299414,-0.02743249198388205,-0.0040104802639502465,-0.00955285384120449,0.0678356339601531,-0.043718716615518856,-0.058039012506169954,-0.02614948816890665,0.023076529347078826,0.007698989302673387,0.0011484402775675173,-0.06046420225523473,0.0682962259809902,-0.06471940595383352,-0.01791443525276739,0.04182887050553501,-0.07881763518638885,-0.044398356629861704,0.013643180428889274,0.007476684220228894,-0.006952132049304404,0.008809619400101547,0.006343413451872772,0.0029533671971948196,0.00318042947105089,-0.10254821847156977,-0.10162411650741367,-0.005198574196281514,-0.005243620764636331,0.002909168734015311,0.0003693774136117299,-0.0007387548272234598,0.0013317356510852258,-0.0006999294549159882,0.00020028218033527317
0.0472062219156753,-0.012282687261794037,-0.002434625476412948,0.0005002607922088505,-0.00731126068922219,0.0039719915239849,0.00578230629889338,-0.019838418681733725,0.019631816921192098,-0.016763633842384773,-0.01956831183039267,0.03556657073815258,-0.006238718313589963,0.006952719817839797,-0.0027819564328435925,-0.005890641806813922,0.0007036534102711971,0.0195926931794584,0.023288584635181693,-0.0011118204681474944,0.01804490856570785,-0.03731466704320578,-0.0056541434515128925,0.03680611738831492,-0.029204042789306044,-0.014906238889729768,-0.002301223094430524,0.015102446188861446,0.04596774318513279,-0.024799540182411046,-0.02034397384271604,0.026993987050281033,0.06614149545928012,0.002302388216352255,-0.009104776432706102,0.013866717514470678,-0.01478351130064787,-0.006954329698426185,0.0099132148098189,0.0047331008992724756,-0.00815197980253576,0.058824582010322986,-0.1303942802234019,-0.03300974777707446,-0.005969826698578548,-0.0007210701227063485,3.688458371535319e-5,0.001395573993694255,0.0013195845855874582,-0.0012058586228316534
-0.030162196019727076,0.01128453925277492,0.00115358212937927,0.001153582129379266,0.014181142192543522,-0.014066248314224839,0.0334979879315034,-0.007769313835821773,0.012011190744139342,-0.0088350117888309,-0.008835011788830829,0.052767721880324574,0.0026259014494870872,0.0022421317302855526,-0.0052113548341054736,0.0034374327727444464,0.0047497310909783265,-0.003108017084849611,-0.010174430986996389,0.006822854400078564,0.02166265071155239,0.0006807225095677393,0.006289502080294609,0.002535998796414552,-0.019316171157223984,-0.0005510747255448763,0.007861145047477485,-0.010126908077473526,-0.030633468149609103,0.04180183927035583,-0.019399730859880678,0.004000000000000152,0.01592936616260628,-0.11698600244777721,0.002966005944601356,-0.026382983919158234,0.004142052991917073,0.0057311756073579944,-0.005347140760725218,-0.008067596402910231,0.012781929308874566,0.017603730843203286,-0.03711754096468704,0.04091738123676388,-0.16433476247352877,-0.002637446596224968,0.0033389945824046845,-0.0012518439858407034,0.002131453950442376,-9.716113023998908e-5
-0.0379763275169821,0.006720484061568196,0.002458754919198165,0.0008858809105190015,0.004552270160624863,0.0023714788801306058,-0.004742957760261215,0.013480673085553162,-0.013910198444520835,-0.0011703562331904097,0.03783149340676528,-0.0349381606541144,-0.01650822125978631,-0.0029835574804259026,0.006318259868584363,-0.01194836701021972,-0.012125394403752649,0.007207481336433182,-0.004697723947985068,-0.008684122092393175,-0.003609906158949627,0.003499999999999699,-0.0019623147441942003,-0.02964027085239449,0.06687711600704731,0.012795701097821053,-0.006053572573683223,0.03769417827115741,-0.05430798388862176,0.0206946145001047,-0.01671221790553534,0.004000000000000149,-0.02005732781771419,0.02070064736200135,0.017777855866848966,-0.02603193567663255,0.0018238129848545388,-0.0030429316809356694,0.004414484704619076,0.02473559126421075,-0.03241262198773386,-0.009863057951211313,0.02272892556215318,0.011792770529214826,-0.013839049894113673,0.02648726304430275,-0.13273363385322068,-0.0011822815137274253,0.0010687724326398796,0.0010687724326398833
0.0022940047327598126,0.005964538707619919,-0.001286653456240752,0.009807904664522863,0.00011304869024907337,0.003913732318564468,-0.0018274646371287085,-0.0089323557994364,0.005511076970391091,0.005858514412642878,0.006343607855010931,-0.016109415825336416,0.0037188316506731743,0.0028191322846873486,0.0013619021756130225,0.030368953227670702,-0.013410657056767703,0.0035172276244427826,0.010895447895968772,-0.0032185498667725364,-0.011040664609266393,0.0035000000000001688,0.027076643569658096,-0.007336106147135901,0.0021555754114567015,-0.025732579281674394,-0.008534841436650637,-0.037156096872961585,0.032693761405087465,-0.01072056341235542,0.008523249761066736,-0.014904354596062864,0.00290145738414789,-0.020702265767006324,0.017369204685346758,0.0009387484611859007,0.0012952519394179257,0.009638224785405792,0.0015697771703785735,0.009903894448170412,-0.021155018018029062,0.003020702829241957,-0.01293696355396267,-0.007972391018672146,0.012504378188204535,0.006019968122909102,-0.0015399362458192274,0.026917448366375395,-0.08546129325376396,-0.06074764331293258
-0.01085213098739971,-0.005737892766124084,-0.006524214467751094,7.497544019710155e-5,-0.013243535592740307,0.004676936885025235,0.01764612622994913,-0.0022667039422201,-0.012215330140233342,0.0015563414609272889,-0.011991913170399585,0.01337271827409495,0.03006233669865365,-0.01872347086125084,-0.010601363636363735,0.014240550723909305,0.0010261474054630716,-0.0004445912059548472,0.0008842303832459602,-0.01961812952270884,0.035676161364878535,0.0003500692896936184,-0.03397494569773998,0.022162309942089845,-0.019519158462775188,0.012188480428237874,0.019580063731769418,-0.03307468631397931,0.029112477189824376,-0.05355887317528915,0.007092999044267683,0.008318648815751537,0.0027880889663974943,-0.005560701601113864,-0.003399612051620017,6.964315373180913e-5,-0.0008868603245005486,-0.0032968694797192734,-0.004220891318486101,-0.0002100718578846962,0.01565594277673547,0.03583302383353563,-0.08053509963128924,0.038001984302284596,0.00449816244812597,-0.011051869712768475,0.014840255016722986,0.0020270025747629048,-0.0012199387359644526,0.12900942674826862
-0.007427672094647361,0.014608902574763062,-0.00023364085473716168,-0.009023649449795897,0.0021507339786400125,0.005207747540101244,0.019584504919797227,-0.005114991649268682,-0.0023613205609333706,0.0013515035295288034,0.002992712546424598,0.03975020533408263,0.0007477413250899494,-0.02758773920443822,-0.0033849999999999354,-0.003779285714285309,0.003158484080879502,0.004890503265503315,-0.005995305707744531,0.011799424749793053,0.004568190485165054,-0.04532735728312243,0.010652153401869036,0.008292475201359712,-0.0086639880514246,-0.002172023897150116,-0.005380701049462694,0.016761402098925616,-0.01230570738113045,0.03114760492818083,0.028565842507834224,0.00576955122258241,-0.008347644134408982,0.0011677176122537752,-0.018835435224508177,0.008118217049136983,-0.004420774262411134,0.012265564276911129,-0.004018589835013538,-0.0027233714180673126,0.012946742836134909,-0.027313599926471487,-0.04887280014705809,0.1485883860149697,0.007631379194491025,-0.011885774587188943,-0.02770597600254124,-0.009891989700949056,0.015283979401897938,-0.0053832910671657
-0.003107487649472772,-0.011785024701055137,0.008570049402112551,0.002566843775233761,0.01666309107063533,-0.004161052103766817,-0.011719915741496452,0.014136408291080132,-0.0015694543804954143,0.0010708171084327974,0.04129101289375484,-0.012399409855414328,0.0163979344939509,-0.0220316924896871,0.0030778571428567917,-0.016046224489794373,0.03689846216824339,-0.0012885460105039686,0.00285629026814247,0.0021513273404107783,-0.0258141845656909,0.07911446434409337,-0.04289138639252352,-0.001217227214953421,0.009469614822975743,-0.00484461329891455,-0.015425843066787986,0.01174847601934229,0.008003047961315192,-0.02500609592263072,-0.0054406442722177316,-0.01333157357748791,0.010289691688351203,-0.01984639410028129,0.01320873577984292,-0.009527131803451884,0.00450979971687362,-0.006453261821048952,0.020815064422547644,-0.0009657086480259992,-0.010718112720078188,0.06739359917438599,-0.0018775971103510414,-0.050493423478643454,0.017628586966069386,0.004912653256906775,0.00859755459898093,-0.060695109197960666,0.00015512886852874188,-0.012310257737057937
-0.057419221592311526,-0.0034681217797686292,0.014956698852964396,-0.014430193667067295,-0.010635548633318948,0.018546622919257117,-0.051778097693571494,0.05049002170759252,0.017263998185449613,0.027752140120486404,-0.10401010666837202,-0.00216395691944411,-0.0326427707288272,0.16114967133150132,-0.07761648537629724,0.01785948313607635,-0.09388308385067602,0.026345815957984405,0.012925161072569035,-0.014433561815407822,0.07298024610668108,-0.17755422153038905,0.05077217519239178,0.03801029525233822,-0.1003721954131829,0.09736861811231674,-0.025671867128668358,-0.02631049902174128,0.01490449487328903,0.039767848199995195,-0.020644308230168537,0.02733748524529425,0.012308236146580656,0.012308236146580666,-0.012480575229448943,0.008247885986878223,0.006775857052664742,0.002307634842575466,-0.03941067089117667,0.012379980268089563,0.02529547666213558,-0.16069315014147037,0.173391106807588,-0.05672970475794777,-0.03376483964791873,-0.012694286399173544,0.08975929251422196,0.14564620117756566,-0.17350866492225736,-0.02184227454248485
