-0.00026753350365120535,-0.00010039595365864481,-0.0017209621469434755,-0.00014947470690666867,-0.0001494747069066678,-0.0016403049294146464,0.0012423207728935466,0.00034719938276518366,-3.546948918101121e-5,0.0007134857939572763,9.92162345329765e-5,0.0005001060819386954,0.00024293626881884158,-0.0001401031478291448,0.00018470368255035818,0.0006017202937976327,-0.00025653874572835727,0.0007430117790479014,-0.0003623466306267105,-0.0003623466306267105,0.0007783278713933238,-0.0010016086016756357,-0.0010016086016756357,0.04634312859825497,-0.003540435513878949,0.000640424805938919,0.0027095413226831734,-0.005821767289230324,-0.0061659616335823855,-0.017563887251838196,-0.017519531711816264,0.01980721975506865,0.008163941924750869,0.008163941924750869,0.005303025085624776,0.0013817073869163753,0.0016697320740333647,-0.002199418801647367,-0.0005058299001983523,-0.0007366901096367328,0.0002987837074505118,8.47934383893167e-5,0.0825398477982532,0.007092034954241239,-0.08049043413665574,-0.020140084483930384,0.02204672250056338,-0.007830837393158669,0.006229674034962517,0.30257151129244775
0.0022882776100016386,-0.0015989880397694082,0.002050931276228521,-0.00014947470690666867,8.830408200115475e-6,1.5470718762305983e-5,0.0006915076712489101,0.0006915076712489102,-3.546948918101121e-5,-0.003067550425158104,5.524658491814849e-5,0.0010715661795727969,3.761516217065175e-5,-0.0010640481277459995,0.002128096255491999,-0.0019571967827200086,0.0014339054685274103,-0.0005396499836866868,-6.385017945022555e-5,5.2201090197015774e-5,-0.0007700797170458466,0.006264970108215595,0.015691933571159587,0.04464955345723708,0.009354238521154514,0.000640424805938919,-0.003440224867767203,-0.0011711882879203725,-0.0008484227490199996,0.006224760296385786,0.02144192420150663,-0.016073244489372893,-0.01422798598042033,-0.01422798598042033,-0.01292170751563489,0.001381707386916375,0.0016697320740333647,0.0009059377408834791,-0.000920782093092092,-0.0007366901096367327,-0.004376329552591503,0.004059453658257138,0.008552830296116557,0.007005881117696968,0.026899713091780332,-0.020140084483930384,-0.0026516501260015635,0.013245692125253465,0.00649999999999995,0.006499999999999951
-0.0004693247498517951,0.0003018468279169825,-0.0002411562373889856,0.0019093008624801035,6.744698131989335e-5,0.0004883292984719614,0.0007663853217395632,-0.0003948859592539144,-3.546948918101121e-5,0.00036724757317248437,5.524658491814849e-5,-0.0004367091116730587,3.761516217065175e-5,0.0010213384237289876,-2.929261016750338e-5,0.0016408542803720376,-0.0026496646902323556,0.002426312933087374,-0.0019734416601181206,0.00010126438579178797,-0.00020472452548575873,0.002251969780343344,0.014286793367765376,-0.0425426652489504,0.029492625491863864,0.006564172101197754,-0.004528918727577752,0.00010121554652331414,0.0005305868352826966,0.0057584951405042955,-0.0004823541267097115,0.0030708617773281175,0.00023626010370657685,0.009460853757817559,-0.01292170751563489,-0.016556035397258424,-0.0028401443684863063,0.0012103910465460744,-0.000920782093092092,-0.000920782093092092,-0.0009852157005680036,0.0011982549519879277,-0.0011957620262563306,0.007005881117696968,0.00022941608806154582,-0.03957831392465792,0.0016271539373735808,0.013245692125253465,0.006499999999999949,0.006499999999999951
-0.001112231309457668,0.0003018468279169825,-0.00134370454385919,0.0013197474803635382,6.744698131989335e-5,-0.0005151338101504045,0.0018029683355264162,0.0016256591101551628,-0.0019440625532189787,0.0025282868311529484,-0.002819647963168987,0.0036109227341477967,0.0005553346059320366,-0.0007786615762710785,-2.9292610167481672e-5,-0.0023091039047545264,0.002887892942410721,-0.0017709735976079155,0.0011671447532391442,0.00010126438579178797,-0.00020472452548575873,0.0004319099591636102,0.0004765758903250498,0.003546848219350071,-0.020404906024531568,0.02568112346767588,0.000986273430288176,-0.00046753700291370375,0.0001662297332986254,0.011186543184620507,0.007132148946490451,0.005120909367900238,0.006420648677957279,0.002462852830961325,0.0027519358182026368,0.001996128363593155,-0.014395871857861996,0.0034773663123121475,-0.0009207820930920908,-0.000920782093092092,-0.0009207820930920962,-0.0022369554437467435,0.004278156693275812,-0.018834764577579228,0.00022941608806154585,-0.0019588321761245696,0.009547153937373352,-0.019094307874746703,0.026744852028764473,-0.07046208102787035
-0.003193406832253819,-0.001349315673394901,0.0011651133780571313,1.1787301658078836e-5,1.1787301658078836e-5,0.0002477663978212367,-0.0003861726338740628,0.00033250591987181476,-4.54545454545185e-5,0.000499999999999703,0.0004999999999999402,-0.0024980814507558954,0.0013009847947413767,-0.00011072112109116005,0.002136710873277908,-0.0033427091198697744,-0.00010961402560537016,0.00021922805121074032,-0.0009867949452390362,-6.867593619065647e-5,0.0014438372969855767,0.0004319099591636102,0.0004765758903250498,0.0005819843838606345,-0.0013830491687531875,0.025681123467676023,0.000986273430288123,0.0027476216693004666,0.0027476216693004666,0.005017251706575954,0.005017251706575954,0.005687210159422066,0.006759632469974747,0.0010912863550875415,0.0027519358182028536,0.001996128363593155,-0.02013047986054196,-0.0009064727357687308,-0.002711540112341224,-0.001391828599591417,-0.003250007124123012,0.0038455459474605064,-0.006629489413696855,-0.0015467870520619424,-0.0004025716819834318,-0.008520986515706328,0.009547153937373352,0.03220067306172447,-0.020043126287598287,-0.04009905799340484
-0.0008846996695231123,-0.0008846996695231123,-0.0006981153225698067,1.1787301658078836e-5,0.001599902717645865,-0.0014844034649771167,0.0015906542988069878,-0.00013295222517988766,0.00018859980318486303,-0.0021339225405845154,-0.000856177375984913,0.0005875833654282131,-0.0002916289522794257,0.001316172316524068,-0.003187305282871137,0.0032024232162053846,-0.002858077194879263,0.00021922805121074032,-6.867593619065628e-5,-6.867593619065647e-5,-0.0008801915029551005,-0.0005273143962757563,-0.000879428909844546,-0.000360202846224555,0.0023146241323339515,-0.017142797120956777,0.000986273430288123,0.0038851894540404067,-0.00047563172664582767,0.0045409277058707,0.004400604142885012,-0.0010911900585316246,0.006338984256331908,0.002705452432297089,-0.0008570310237623809,-0.0015132037992521153,0.010209925953714123,-0.0009064727357687308,0.0008522482909884347,-0.004829654500760764,-0.019889877245066627,-0.006553155261981097,-8.569097600464641e-5,-0.0016532186290488097,-0.0004025716819834318,0.00683821325268585,0.012066253615599116,-0.008537645784745904,-0.011448254229375556,-0.08995798613498239
0.0517619533482731,-0.01369359147396207,-0.0012034967830258797,0.0012084921873485002,0.0004936618307241856,0.0015350774733260194,0.0014114882590526147,-0.00013295222517988766,-0.0007802772016240265,0.0023260087927379123,-0.003095378163986635,0.0033343822989683517,-0.0027445112273700896,-0.00011767272824368693,0.0003899454514190848,5.2940482051207495e-5,0.0002915314691048677,0.0026203833806996133,-0.0018370378612571942,-0.001482611444096443,-0.001418423901751104,0.0024510182465677078,-0.003286402391323706,0.00016792978383660054,0.00013242355131773653,0.0012433362541336695,-0.02857510713193261,0.012356377187941803,0.0028572522707145946,0.004146746212888648,0.007572327307003249,-0.0001772216833369847,-0.0001772216833369847,0.008544940943530203,-0.0020442542000677494,-0.0015132037992521144,0.0003993731589040171,-0.016159606365909455,-0.0016790880104188054,0.008930036038995922,-0.04839104234414243,-7.411513191437182e-5,0.015460717882637986,-0.0071689106864151605,-0.0004025716819834318,0.002384822161745488,0.018571855156085774,-0.005818305623104594,-0.01086338875379024,-0.026273222492419913
0.1701504322310381,-0.01369359147396207,0.001083063960754982,0.0003692346349459931,0.0008734921537643313,-0.0024886325762917424,0.0011333553356215036,-0.00013295222517988766,1.4634133979950812e-5,1.463413397995081e-5,0.001663066394806026,-0.000610304101671647,-0.0006407691905655135,-0.00011767272824368693,-0.002437549011789936,5.294048205120749e-5,0.006373729071089432,-0.007115154239864668,0.004251392238599507,-3.0498019038807015e-6,3.3547820942687686e-5,-0.0032693229151264857,0.002754381853714448,0.0001679297838366005,0.0001232752915460148,0.00036210481690827543,0.0006621922481291998,-0.0547742610346007,0.004146746212888648,0.004146746212888648,0.00571401113674291,0.007138610841669146,-0.0007772216833377803,0.008544940943530203,-0.0005898818870597798,-0.0005817611962640223,0.0003993731589040171,0.0009737997842469658,0.0029645585445775974,-0.0013759549060212521,0.0067094013217463095,-0.027531038088051397,-0.004446593482036061,-0.000186922812874383,0.005788364897313156,0.002400540019348286,0.016677900180649644,-0.0034569019871463474,-0.0034569019871463474,-0.003456901987146355
-0.054689815386788375,0.07037963077357812,-0.055433539052766094,0.0009580515265266899,0.0010838969469474443,0.0007032639350560679,0.0003458836978654037,0.001039407057469396,-0.0009324994882163139,0.0010096924685037258,0.00519102077167627,-0.0014845253275434288,0.0014393079398323533,-0.00011767272824368693,0.0018309133707777728,0.0002899418701538662,-0.002183343616790322,0.0041792894211205725,-0.001541785174101973,0.0019431359181367191,-0.002310482017125417,0.0028147979116297664,-0.002013909502695962,0.0022452604916750434,-0.0008591137577330955,0.00036018723715258613,0.00036018723715258613,-0.00233224992420964,-0.06376172303979999,0.004146746212888648,0.008183867252174315,0.004124893816147985,0.0030228056337092157,-0.004430676761808015,0.0010445129675917205,0.0010445129675917205,-0.0005498221198263783,-0.0018737860519384638,-0.0006222945838977732,0.0003256980809556978,0.0028027923238219572,0.004848266834036634,-0.030509067179440474,0.02385148626145897,0.0008799299933903148,0.0012750564808304637,0.010430035881808044,0.002779034608708064,0.0026369608287377393,0.0038499572186280304
0.0034516998664297733,-0.014674875869744529,0.058552991783475485,-0.007437868267978002,-0.004724404110160595,0.002754374086433235,-0.003088273249826689,-0.0003934633895989429,0.002700475100968715,0.0016649370323101522,-0.0018298740646195374,0.001460782529180956,-1.2955603203153595e-5,-0.00011767272824356873,0.002649048512860199,-0.0022339966321707665,0.00338752053717217,-0.0008797329954541046,-0.0028046633443120994,0.0005275085211685933,-0.00023784719717051585,-0.0038140400081297897,0.0024495954047434646,-0.0008061602686625053,-0.0014707536332483314,4.9292123674750666e-5,-0.0020468863598971307,0.0006360022089450647,0.0053125660639908165,-0.056328942925589646,0.008183867252174315,0.010049432974355458,0.0030228056337092157,-0.002094427015449679,-0.0020944270154496783,-0.003478013432894984,-0.002876085164502947,0.0006185789810708258,0.0029420827208834857,-0.0002879151792892203,0.0004565293198498602,0.005224425806234582,0.0024606753918978127,-0.009350192677988643,0.011508233233232475,0.0008604826956460531,0.002779034608708064,0.002779034608708064,0.006346332010612423,0.014598079715886102
-0.011500000000000081,-0.0025000000000008054,-0.0024999999999993834,-0.03596778610271882,-0.004724404110160595,-0.0025025456916560407,0.0021595437818378795,0.0006787156103825649,-0.0003869618462861726,0.0016649370323101522,-0.0014303308259071158,-0.0011603593687358326,0.0001652268236530595,0.0013021417071897282,-0.0007901368735999737,3.6270828817106604e-5,0.00011979800809891792,-0.002925463992341417,-8.358430872108619e-5,0.0005275085211685933,-0.0007656530139428479,0.002912825001111539,0.00040308013433125244,-0.0008061602686625049,-7.262810402935537e-5,4.9292123674750666e-5,0.00030018542026855494,0.00030018542026855494,0.0005017788154025008,0.006496442369195282,-0.02297941338890838,0.017055485815613714,0.0005602859348051643,0.005055511319058065,-0.013991956060570666,-0.003478013432894984,-0.00016683759418659365,0.0010123778948485293,0.0014447172836752561,-0.0012367082202019162,0.00271739195163345,0.004222692901199796,0.0024606753918978127,0.01245950337866399,-0.019512396346219804,0.011935797427475218,-0.021724965461687847,0.02834328056221601,0.006346332010612423,0.06133847190303773
0.01374560354497245,-0.007750482257773469,-0.007750482257773468,0.035965456911736214,-0.10309316707041041,0.043401715764863194,-0.0069484127739850516,0.00047725061016819903,0.00036285126642126106,6.615590024409873e-5,-0.0009198203156317853,-0.0011603593687358326,0.002733725012830295,0.001302141707189728,-0.0016996381042877714,0.00038182862785374915,0.0003818286278537472,-8.160011074766155e-5,-0.0020999472911290068,0.0017168723637222977,-0.0005810276499062768,-0.004993385988738904,0.0008025620559222909,-0.0013972945664742886,0.0012945891329485203,0.00041082173410378353,-0.0006293972897209596,0.0003001854202685671,0.0005017788154025008,-0.0012186056945489305,-0.00023488006907891352,-0.016373635731758547,0.039185074570728735,0.005055511319058065,0.017063855339112158,-0.0002979343949871349,0.01007725848801623,0.0016431188846191655,0.0011531800257889929,-0.0012367082202019162,0.0035485551016358587,-0.007956318048536408,0.0066017942373811506,0.003286488514349217,0.006211384556170407,-0.0005797536838316082,-0.08185799009067264,0.00616745791603835,0.046849315731817845,-0.037959307606668775
-0.01522564817450955,0.010189054118741306,-0.007561860791049554,-0.0019814923210218307,5.73547636917906e-5,-0.07655017721081686,0.07660035442163367,-0.004698145809143921,0.00036285126642126106,0.0008209922447790827,-0.001145513907127485,0.0010676766315952557,-0.0006353532631904546,0.006768267281178765,-0.00020916831877011369,-0.0011956471213626712,-0.0007856590568768416,-8.160011074766246e-5,0.0017846423172379034,0.0009629344558899079,-0.0009293942886910606,0.0028427244498761845,-0.0043458339725899785,0.0029649307570417003,-0.00017855523239375184,-0.0003622537757334051,-0.0006921897195328227,0.0003001854202685671,0.0005017788154025008,0.00039951324067501436,-0.000697717132323806,0.0024420099631333216,-0.0017970348709663705,-0.0017970348709663705,0.017063855339112158,0.0012262872562630535,0.005387683613934565,0.0052914432784954115,0.001794123936552748,0.0019161986092657943,-0.001406594858797456,-0.0017964741462811545,0.01018850209174141,0.06925963377419052,-0.0015787412942935653,-0.004342517411413153,0.017930842123161143,0.00616745791603835,0.002206150676158598,-0.11577088176573838
-0.0075298305745798225,0.0015596611491605554,3.5263815419262614e-5,0.0017109286037933897,-0.00332918911632317,-0.00332918911632317,-0.06277224169865243,0.038368581735496975,-0.006531982305990791,0.00022114391849204642,0.0002211439184920464,0.00015060505520669203,0.0011987898895873834,-0.002690616963937843,0.00262338439396349,-0.001228219242482568,0.001060528130083107,-0.00011344191204337755,-0.0019689123987176663,0.00046657746104798405,0.0012733192209211399,-0.0013780609650941315,0.0042561219301883195,-0.001964458690446379,-0.00017855523239375184,0.0009513980089841383,0.002983877173978119,-0.0038911272326283687,0.001505375408780744,-0.00047265442936018226,0.0004841653588263856,-0.0008961252854982755,0.0008427085620511391,0.0008427085620511392,-0.026918072515283224,0.0012262872562630535,0.0053876836139345645,0.0052914432784954115,0.0031997095092045555,0.0036374425988998983,-0.0012420202425404083,0.004275322668106382,0.01018850209174141,-0.00047967003485471104,-0.005423743679017347,0.059730985361252056,0.010039426915349408,0.008201797084794944,-0.002320502470909737,0.013641004941818392
0.0033119985694657263,-0.0031244431925508305,-0.0010240430596309157,0.00842498360751668,0.010543120888934644,-0.019077171246443807,0.030770099362551973,-0.0640815883445506,-0.03294471402037714,-0.006272352732805936,0.0002211439184920464,0.0014992092908405377,-0.0013180317563280255,-0.00019356595011951703,-0.0011863384178266018,0.00420702602230167,0.0008765130872576842,-0.0028887275652653066,0.0020308743887210217,-0.002609035611887566,0.0009288108427268849,0.0009726154766229166,0.0009726154766229167,-0.001964458690446379,0.002645474694827983,0.0009513980089841382,-0.002279835033161792,0.0018191111665109031,-0.0017812444140523794,0.00024596180882440085,-0.0004919236176488017,0.0004550713297639891,-6.541594958721788e-5,0.0008427085620511392,-0.0016854171241022784,-0.04944897949199418,0.0053876836139345645,0.0036409844358647565,0.003199709509204556,0.002350686405806537,0.0023506864058065366,0.0013660242318107676,0.010569768229452256,-0.011955151414382217,0.013365638048797104,-0.02872032979012862,-0.013281340676542724,0.039209947468412235,-0.00847781027431621,0.09508973247367349
-0.008215457329337558,0.0005526797661809723,0.0029541001390540663,-0.0034175158774053505,-0.006079688933119693,0.02628344693286805,-0.021148259481940018,0.04195021427054743,-0.03294471402037714,-0.03294471402037714,0.00022114391849204637,-0.00048310452494419243,0.00010168186576811636,-0.001577885773070612,0.0013864194489909298,-0.000798670456018317,9.73409120365773e-5,0.0014970474182533441,-0.0008672789944076897,-0.00940518143154971,0.002500000000000094,0.0025000000000000963,-0.0014627792321283664,-0.0020256692111964574,-0.0011782065487161203,-0.0004756677198917511,0.001538547652282361,0.0014063842730287462,0.0004935680701113315,-0.0006960109215324163,0.0001133963951682856,8.894203439125673e-5,-0.00021600208352162348,0.00039732562575928794,-0.00010568522576035165,-0.0012886295484793534,-0.03645845597272262,0.011363047810894313,-0.01624654776296437,0.002350686405806537,0.0009668148783269474,0.009587793455179164,0.003678868514833866,0.007228599867151651,-0.0055411192819590244,0.020583333333333245,-0.0581598310718548,-0.01937954612352884,0.0072178795499162835,-0.07844157502171546
-0.004699808168074166,-0.0034086922174788063,-0.001455577089590692,-0.006074831820866919,0.01598466688435039,0.023493826550449102,-0.019327522540736608,-0.005498523335617947,0.00048375669179868947,-0.0342355604918408,0.0002211439184920464,-0.0008008409328844418,0.00010168186576811636,-0.005224027599988386,0.007751956158372661,-0.010086645566069325,0.0010694871045646838,0.00011326066850524436,-0.0008672789944076901,0.00202546808969643,0.00021265170649823926,0.00045432781082447524,-0.002476499036161437,0.002499452898962057,-0.0005278603245367097,0.00020980661393737237,0.0017427751591244749,-0.0016958675203909896,-0.000814463678631792,0.0016791823259979422,-8.343420311474162e-5,0.00036809915626776494,-0.0016717212646776166,0.0006313230713608116,0.0003043747573091598,0.0013077823158489591,0.0017785206212968653,-0.0046518510800629045,-0.020414741073386505,-0.006323949431632313,-0.013120244679084313,0.009496665494735382,0.008006669010528836,-0.004114795252318131,-0.005292214051374421,0.020583333333333002,-0.0033363703665536507,-0.03640383272210193,0.0014881886218092817,-0.025476377243619414
-0.005521679035372139,-0.0034086922174788844,-0.0014555770895889853,-0.006074831820866919,0.01598466688435039,-0.011325202823918433,0.0013882098837148483,-0.0054048465345076105,-0.002690306930983867,0.005593376240825178,-0.06360266504113507,-0.0006005268435438561,-0.0006182682832863455,0.0023476650144760728,-0.003863955665845952,0.0027403287455670202,-0.0012172795078927627,-0.00032166158114466754,0.0011074795310408651,-0.0012237670962572365,0.0009475341925144163,0.0005337489418907421,-0.003109909270148638,0.002442646316387145,-0.000789283911225729,-0.000789283911225729,0.0003129297375167413,-0.002300359884307817,-0.005755179465416361,0.00041274024494360347,0.0005904977402303705,0.00031376346014586374,-0.0006325894957021126,-0.001553583820863207,-0.00035518333358468577,0.0022990149655514646,-0.00044046491633907716,-0.0004669088387224713,-0.0004669088387224713,-0.04312488991175894,0.0124732084107707,0.0035535831784596805,0.012213579765031596,0.012213579765031606,-0.002226120775443604,-0.0022261207754436007,0.06959573808477743,-0.020286556109622825,-0.009892005177634831,0.08922841864166993
-0.005855095319604385,-0.0038865369060790797,-0.0014555770895889853,0.011794295479264912,0.0034114090414697753,-0.004577124281961887,-0.004577124281961887,0.015668602050903972,-0.0013602472721056748,-0.0022742533517016964,0.0010167868687177488,-0.07993260021988856,0.0005062199241974751,-0.0010124398483949502,0.0014363200617008808,0.0001273598765983518,-0.0014009586425818687,0.0004229652555617752,0.00033974362636142295,-0.0012237670962572365,-0.004951906230090528,0.0013423316231164772,0.002406278020348836,0.0019047383385187911,-0.006575507204400687,0.0027855708330541983,0.0003129297375167413,-0.0035547704978272773,0.00252996654955846,0.00041274024494360347,0.0009464218449906989,8.016785561467886e-5,-0.00017209660324999626,0.00042894188035500457,-0.0014203767424649982,0.0022990149655514646,-0.0004598768495738446,-0.0005316152828319676,0.0008213840959972325,0.001433781481148693,-0.001367562962297329,0.009805854537173768,-0.0037839556515762555,0.006130246471895134,0.006719954983180777,0.0021351263067746424,-0.029851422482557687,0.012103463975956366,-0.00021612683542195015,0.029597417252854797
-0.0027796917768756293,-0.0132865206700954,0.0054697443474108695,0.0007689391375188722,7.278993917488306e-5,-0.00273281968093499,0.03406541922512785,-0.05183449046120822,0.07013463425560235,-0.0022742533517016964,0.0008985020563259199,0.01871489596902517,-0.08764512094849355,-0.0010124398483949502,0.00024635877279127933,-0.0014721115126507596,0.0019207588562316453,2.7344003189497658e-5,-0.0014405520093138272,-0.0023591144671109704,0.006117006840497147,0.0007332044697542238,-0.001335408399081491,-0.0007411115044772694,0.0007821677479474148,-0.0009151260199261849,-0.0005102438664337648,-0.003554770497827277,0.00252996654955846,-0.0006445035572809085,-0.0007388926464296005,8.016785561467886e-5,-0.0008978240880072204,-0.00015455874328764417,-0.0009071864028156946,-0.0026102866113325786,-6.870122545485344e-5,0.00016684583324750118,0.0009219285795851861,-0.0012459321598929866,0.0008894505137800035,-0.0037839556515762555,-0.0037839556515762555,-0.0011442399252914613,0.006719954983180758,0.009404688141805251,0.017035267403278435,-0.000216126835421949,-0.00021612683542195015,0.01439425592870527
-0.0027796917768756293,0.0061544663270909844,0.0005246046863897855,0.0011543817350772895,0.025794671108864842,0.017730691636994998,0.00994257927051846,0.01287735921924028,-0.016862873324149832,-0.002274253351701697,-0.015860987903693582,0.001119996368830163,0.0454432442911693,-0.06543874024763048,-0.0006410743923758493,0.0004444417882017154,0.0019207588562316453,2.7344003189497658e-5,0.0012143275034342106,-0.0009286550068683647,-0.007683733278039218,0.0021215538286684303,0.00025689234266330983,-0.003572715232658848,-0.00013842714371513357,-0.0005991035526213605,-0.0016611258893202837,0.00032225177864045427,-0.0006445035572809085,-0.0006445035572809085,0.003279508639109828,-0.0004533631360788554,-0.0008654331853147855,-4.658906764619547e-5,-0.0003428694905625676,0.0042299028485989106,-0.0011278987887553425,0.0009540580615591039,-0.0020117916560816696,0.0002912707962855886,0.0003156519452861818,0.00038136144966884826,0.0016483423152840128,-0.04848975085929277,0.006719954983180759,0.004073505456916255,0.014872000397741898,0.0026526468080229028,0.007144352856491971,0.008744765002279385
-0.0005499924731994155,-0.0004000150536012256,-0.0007891197348928536,0.004759318798553188,0.005215562320094601,0.009433393405803124,0.00994257927051846,-0.01497747134944385,-0.004000000000000151,-0.004000000000000151,0.023029277618489184,-0.022487789637325614,0.012104547346852729,0.028612908124228183,-0.08071815911002748,0.0004877232208620372,0.0006350445705178182,2.7344003189497658e-5,0.0008836809160984226,-0.0009286550068683647,0.0010954889785463474,0.0010954889785463474,-0.0034221015013793286,-0.0013535847274613927,-0.00013842714371513357,-0.0022266309188821993,0.001873806157914791,5.939757634065749e-5,-0.0006405359398361348,-0.000644503557280894,-0.0010373164435990845,0.000804911363025268,9.183170766440839e-5,-7.826698707609885e-6,-0.0003428694905625676,-0.003525625108779569,0.001402422628499668,-0.0003858535719030899,0.0005730386240532858,0.00047763236179910155,0.0010988143857841384,0.0002813842786335993,0.0016483423152840102,0.0045752376740321584,-0.002539862922650218,0.00021000439680965487,0.015873497068901263,0.009974288057364061,0.006434412113181623,0.011513193902114647
-0.0013106357850798049,0.006008243571600267,-0.0007891197348928535,0.004759318798553188,0.008676267186259459,-0.01042406090913346,-0.02652251664224988,-0.01497747134944385,-0.0015450573011120726,-0.014909885397776537,-0.014082683829742865,0.0016293750150885814,-0.002374386427986571,0.002229515551913532,0.03238956427463282,-0.07925964313669971,0.0006350445705178182,2.7344003188858094e-5,0.0008836809160984226,0.00023140585540600976,0.0010954889785463474,0.0008090220429074188,-0.002206898313059606,0.0047413429343104736,-0.003820948784991235,0.004037132785103508,-0.001604099325353876,0.005887830301901367,-0.0004300597994816557,-0.0007287666639080657,-0.00018495140271969484,0.0008049113630252679,0.002287787423921874,0.00014973877918226513,-0.0003636513208712153,0.0017038971735168903,-0.00028403033573608347,0.001870653381974556,-0.002828729641939158,0.0028818666143689557,-0.0023907073921391035,0.0015814449327764886,5.64640493142494e-5,-0.002510481728343786,-0.000983090424872387,0.00021000439680965487,0.00021000439680965487,0.015558772420995706,0.006434412113181624,0.029050311803193053
0.006035951685290189,0.0036794245698712185,0.0020655751239834932,0.006929327669031723,0.0195860967082132,-0.007611893141016285,-0.04459802890746676,0.0021960578149344753,-0.0015450573011120726,0.017250997082969663,-0.004431978667887458,-0.02503115341840188,0.0009210037700040735,0.002229515551913532,-0.000524671071047939,0.023010131650320197,-0.07949481502345736,0.0015207399061711938,-0.0010079339111392282,0.00016750680123743628,0.0014210333901765223,-0.0027166528797513564,-0.00011681832273266417,0.0047413429343104736,-0.003820948784991235,-0.004205835203350793,0.0046807194950005985,-0.002976253368240745,0.00013457926761233606,-0.0007287666639080657,-0.0007287666639080657,0.0016537077913612607,-0.0007402060366444465,0.0032567588566748402,-0.0009000353651508582,0.0009403305538554661,-0.00028403033573608347,0.0005680606714721669,0.0021076638935981335,-0.002427283228891206,0.0026365687206862725,-0.0008455657537701919,-0.000845565753770192,0.0008939820851512357,-0.0004568136353682366,0.0013303144106851226,0.0003393711786291582,-0.0006787423572583164,0.018064757811710564,0.053994767067431636
-0.0013234216008560441,-0.0021939038567407925,0.005625363010714092,0.009695018864809555,0.018764011487438507,0.006514926699464177,-0.02245727487146214,-0.2479149481384171,0.01382773893196795,0.0031883686364645044,-0.015477984854925152,-0.003827652469394016,0.0038007762327169005,0.002229515551913532,-0.0008287139879838422,-0.0017548231547398797,0.030891881041588742,-0.04749251886728428,-0.016710987929182672,-1.1542247861089806e-5,0.00020607256240911547,-0.0022667981865002683,0.00015776580268125833,-0.005618554674176325,-0.0008333443499305905,0.006422533833130055,-0.0005717643168078758,0.0019056308270199427,-0.0017757158501156875,0.0008838813502798104,-8.345983045096826e-5,0.00010931736501957859,0.00010931736501957859,-0.001554542239531802,-0.0009000353651508582,0.002498039390517318,0.0007514697945469202,0.0005680606714721669,-0.0033703412875292216,0.0023307395018614973,-0.00041038690073390993,0.0008135673819696722,-0.000845565753770192,0.0008939820851512357,-5.473255498901121e-5,0.0004756127313735386,0.0,0.0,0.0005667084848597566,0.35705430023342416
-0.004107844760553925,0.006159634370255455,-0.0013695748676153686,0.009695018864809555,0.02710757691109231,-0.013761773308226448,-0.011476453383547162,0.018452906767094154,-0.002125526436546835,-0.0027385283748794687,0.006640576099671318,-0.006372889607757025,-0.008946049567570455,0.0034307260171404087,-0.005702600815278225,0.005223516363380347,-0.0020999662580102668,-0.0018000674839796932,-0.03620712058701177,-0.055534729906191085,-0.0008155809552373475,0.0006287748844903553,-0.000546296312554276,0.00013408844324283426,0.0028028631603566655,-0.001346833354070733,0.0011732634617377862,-0.0016042969573174895,-0.004038973268637026,0.005210535153436483,-0.004753716863449799,0.001988625293022555,-0.00017588959795788225,-0.002742498356316106,0.0007578373653911803,-0.0012125969567701018,0.005828072175943289,-0.0007922346811129354,0.002460198020745328,-0.0009979110651687274,0.0005053342975126334,-0.0006457624012594455,-4.931202255788507e-5,0.0008939820851512357,-0.0005156396182841331,0.0004972881739178597,0.0002167544254368164,-0.00043863131796659916,0.0015209646207239862,-0.010393895170931266
0.007888854113176053,0.0032226047550632806,-0.0013695748676153686,0.009695018864809555,0.004265255255945152,0.00040776863945966353,-0.0008155372789193271,0.008055732845343942,0.004630965585440155,-0.0015888964920014377,-0.010787633690924087,-0.006372889607757025,-0.004694886372849658,-0.022876051205198252,-0.005702600815278225,0.011213584468489711,-0.0020999662580102668,-0.007200067483974786,0.07461233093993257,-0.03532187359014513,0.04821136884078356,-0.007290247698558709,0.007100945570808311,0.002578670263867145,-0.0022753459235347524,-0.0023778301020713484,-7.071429111578071e-5,-0.0016042969573174895,0.004606581932740015,-0.002269814512932476,0.001988625293022555,0.001988625293022555,-0.0042539242610927066,0.005748954150710093,0.00031173307150096803,0.002093158488068846,-0.0016571605964872005,-0.0024864306253646047,0.0007544704606164346,-0.0009979110651687274,0.0002597700374730299,0.0020392884615171867,-4.931202255788507e-5,-4.931202255788506e-5,0.0013242271000845059,0.0009410747833836238,-2.4534869495940084e-5,0.0017984690614009779,-0.0007770190499519372,-0.0007770190499519378
-0.001084359659454273,0.010061188847752542,0.008823345595835695,-0.01094813291010185,0.00014673132212486385,0.002800589892787236,0.004085675281805203,0.009201701187941605,0.005596597624116277,-0.01812707218123526,0.011348654347175779,-0.00520845923735099,-0.0353402672120831,0.026881070483694133,0.0133405175092104,-0.04653857995688626,0.01618003075611201,-0.007200067483974785,-0.05237920723018048,0.07855934702769134,-0.0468019385259892,-0.00632772204080857,-0.012196868135138345,0.0003901070783831661,-0.0022753459235347524,0.002145266108133954,0.0044694867614686,-0.005667123908661109,-0.0022203298564541403,0.0029278986968339147,0.0031442026063318016,-0.0043473663843073005,0.0035623383783662766,0.0035623383783662766,0.0009752375240502357,0.0007377784075405816,-0.0016571605964872005,0.0010360127049759405,0.0009279745900482321,-0.0009979110651687274,-0.0018709978986147298,-0.0013686794804067053,0.0018427357116066428,-0.0006620114127134249,0.0016077420023040316,-0.0003786853684290213,0.000951193307696944,-0.0004023866153945419,-0.0007723373129366528,4.4674625873959294e-5
0.004971814258355568,0.009387257033421862,0.0034886140620915282,0.002854098365507006,0.006461254446246054,0.002800589892787236,0.013770074043508,-0.009014822304612332,-0.0069346656631871645,0.009910667441216572,-0.024828078431755884,-0.005208459237350989,0.019934748838069023,-0.04707708906720611,0.0133405175092104,0.028060726981713555,0.0008956636832805655,-0.010791327366560051,-0.009810529810877874,-0.04747249892897304,0.07279270271986588,-0.055230977818286765,-0.004713147022528367,-0.0023746435720780243,-0.003066405225529691,0.002145266108133954,-0.002808303709947435,0.0008546189956930231,-0.0021709452048385776,0.0027580846858489176,0.0003675146829442241,0.0036787036691196136,0.0006428659995397165,-0.0015612459988821686,-0.0004456893650111715,-0.0012622633891621149,0.0003971833449718364,0.0009671297264335975,0.0024264430941589045,-0.0009979110651687274,0.003082165227611836,-0.00016433045522344506,-0.00038213151711741407,0.0033526988671772062,-0.002540502514673492,0.0008392649558689017,-0.0007564863579995634,-0.0011319299354861454,0.0009288035876521577,-0.004519676942660135
-0.00014733970840576205,-0.0010437484120869199,0.008402385723355783,0.00446239537167753,-0.025837342121668817,-0.012328086768695191,0.04846610761103893,0.005725261614212252,-0.023249969598552606,-0.008915972088518727,0.004690878425726154,0.021965434930662487,-0.040485473369173894,0.07001169121826029,0.01093141303055131,0.005754456663936812,-0.0025063498361279205,-0.0038725359194871564,0.01554708386278311,0.03238196538504354,-0.0327968547409788,0.04397866801747652,0.06692950534815838,-0.03242646995153397,-0.003066405225529691,-0.0005175817106447298,5.517450005775717e-5,-0.00036361005288432495,-0.0009247444672119105,0.0019675519316591362,0.002975355793618113,-0.0037972926416438586,0.0025344762862291224,-0.002189284834414658,-0.00012143033117085416,0.0028626084102280633,-0.0018459455753963945,0.0011431659107212049,-0.00043861897663257586,-0.000534098747876415,-0.0011604664865933344,-0.0005379656130639804,0.0009451315881000479,-0.002071324277287014,0.0004996349705042937,-0.0006184724060286057,0.000752759380934477,-0.00011652763015430495,-0.0017660289604147282,0.0019473133800941246
-0.0004067551419134304,0.00756410073212041,0.0021968657473479015,0.0019341308014985022,0.0019341308014985022,0.004861141636880565,-0.005535396993834962,0.0035707939876696406,0.0022831759506789923,-0.003825520935176504,0.007988015854474478,0.02958482734621423,-0.03997130273059759,-0.006885210922389863,0.004979176607571769,-0.0031348453092175828,-0.0025063498361279205,-0.0008115160037410032,0.018471823410518496,-0.02062816520831607,-0.007090182708521452,-0.01702078803341352,-0.007999999999999821,0.013413359831939819,-0.07131457855351789,-0.010947736578484246,-0.0024896026627046807,0.004239402529866556,-0.0009247444672119105,0.002863102285625651,-0.0007955677829320768,-0.00140886443413596,0.00039691539049625747,-0.00029519356477690235,0.003980157713067754,-0.007622206836171861,0.0022013733648289825,0.0013445112512450409,-0.0006337692193048451,0.001583139013192236,0.002845797708484018,0.0011592238083326727,0.0011592238083326727,0.0008097224329408897,-0.00019370739747005757,-0.00011143086429426548,0.000752759380934477,-0.0014739734960879775,-5.20530078241581e-5,0.009104106015648657
0.0002513922432655749,0.006246618837784878,0.005110799714476297,-0.002887090084776295,0.005232043731248133,-0.008460732409311932,-0.00031672063179588535,9.152875899111454e-5,0.0002858392715045474,-0.0020716785430077303,0.005359695751483847,-0.0021546389143616506,-0.006320124383591753,0.006018005117818643,-0.0012885697482188233,0.0016186208890456616,0.00347448355618164,0.003551032887637118,-0.0020654675191175047,-0.0062966253044905735,0.002000000000000544,0.00200000000000056,0.0028455435668762147,-0.009166867489444135,0.020548106760077532,-0.024272611816669704,0.004537933139192972,-0.012030975185441316,0.004409776570408992,-0.00012406979838417657,-9.471429604348817e-6,1.8942859208697635e-5,-0.0029528189693947167,0.002953545513143829,-0.0018597290889149618,0.0010879135016494772,0.0008128866996548545,-0.0008154786206509365,-0.0013690427586982405,0.0019101822202795967,0.002845797708484018,-0.0053294222151516685,0.0012658519274205303,0.000251831857500335,-0.00019370739747005757,-0.00024632916505546413,-0.0002352949950963649,0.000814267695393845,-5.20530078241581e-5,0.00014744887043474322
-6.274320780044713e-5,0.0014346635557800963,-0.001766878715531831,0.010285205228793172,-0.00649993005401672,0.00814690702150866,-0.0012938140430167507,9.152875899111454e-5,0.0006695014987310779,-0.0020716785430077303,-0.0035402092526958364,-0.0021546389143616506,0.003569139006122703,-0.0707173533018046,0.003614796374665169,0.0096712070467895,0.009671207046789497,0.002726477098309293,-0.008226076902466132,0.0177411000857587,-0.0053843231237733465,0.024236689464390233,-0.008459508287648665,0.01530032466686467,-0.010834372918034055,0.027668745836068338,-0.03652437200465479,-0.012030975185441316,0.001647642708944078,-0.00012406979838417657,0.0001391292197513906,-0.0008260003195605294,0.0028139641319767502,-0.0011279282639533302,-0.005134755355446986,0.004765156212239927,-0.0011228578376717908,-7.192256099322736e-5,0.0011402889791574564,-0.0011447225809707539,-0.0004934709666025314,0.003986941933205176,-0.00200367490413154,0.0004968076369825223,0.0006503679621257598,-0.0005360452323654793,0.0012648829487110784,-0.00238489359442533,0.0010401573423781403,-0.0028249368519388434
-6.274320780044713e-5,-0.0017598767739240143,0.005212294642931499,-0.004897660358967382,0.0035969242243006337,0.0035969242243006337,0.0008290871176576639,0.0008277123636827719,0.0006695014987310779,-0.0035947738866773317,0.0021209044532912997,0.010554631792529936,-0.006324461603130866,0.00814892320626156,0.01670215358747813,-0.016904307174957053,0.021299346289447286,-0.019209496156699844,0.020924260920313884,-0.013825311318930843,0.007447465836572294,-0.015813096680050195,0.004357585043434575,-0.01642938214316122,0.009486163957476172,-0.009713450835580718,0.013304094886410942,0.09398154597183347,-0.08792922995728365,-0.0015087914939881247,-0.0023174011929437415,-0.00038956681545188477,0.0004399762746325903,-0.002460364605264335,0.0025465997556408113,-0.005515904739200593,-0.0005000000000023872,-0.0004999999999952823,-0.0003199308179587614,0.0031027719387681004,-0.004778040378688171,0.00044484493605860656,6.412367148522029e-5,0.0002508618434863456,0.0012141087750913914,2.732848815461034e-6,-0.000718782807747942,0.0020987270880723666,-8.979084446281381e-5,-0.00582041831107531
0.01180086000245393,0.0036385341516228043,0.0034568939863299027,0.011500016996732358,0.01268689311303669,0.0008290871176576639,0.0008290871176576639,-0.0011744952412676326,-0.0005733498345876971,0.028877375931264344,0.0021209044532912997,0.002213368847610479,-0.00714320934162948,0.019223469428012938,-0.00736889440976316,-0.0006989422059725637,-1.6854642637109544e-5,0.008052709468345734,0.0027291341483030446,-0.007632124034452161,-0.013563578724879087,-0.03155712587416194,0.004357585043434575,0.04185819721066754,-0.01899224317543342,0.0048867914610832555,0.004104579479739646,-0.0022091589594790658,0.012096996595957024,-0.012583273184889946,0.002452903816065736,-0.000988987175650493,0.0024018259980083403,0.00013676249390839806,0.00047479524609097607,0.0015483915667368006,0.0014032168665265693,-0.0004999999999952823,0.0015283857508776877,-0.001556771501756029,0.00035215936140838483,-0.00028546063657492306,-0.0019149228330070983,0.0024533353512351704,-0.0027710665739124818,-0.0002855138814143969,0.001334842207558735,-0.000706292412584217,-8.979084446281381e-5,0.00893021563790265
-0.006306763100844485,0.0036385341516228043,-0.003422938785047309,0.011500016996732358,-0.009739528180061895,0.002166314966724176,0.0008290871176576639,0.0018581629018337394,-0.0005733498345876971,-0.002197895498213305,0.021099805646500373,-0.022726204263073754,0.025127174445044996,-0.029440452526580983,-0.0006989422059766471,-0.0006989422059766471,0.0024611839323269652,-0.002837840556675688,0.01469528397315642,-0.012256867366928425,-0.03726120983921522,0.011842392107593315,0.007239904881558424,-0.00397980976311645,0.04064557255235246,-0.005635758958870173,0.0021984160340184217,0.0021984160340184217,-0.008896832068037014,0.002852507725203324,-0.0002626895244895172,-0.000988987175650493,-0.0037956886969919604,0.00013676249390839792,0.000474795246090976,0.0007772522930030429,-0.00385591226686296,0.001428291646094002,-0.0022257485962872787,-0.0007853343999479891,0.0003521593614083849,0.0008814040402786604,-0.0014900227051824998,-0.00021353281944986859,-5.398660360632033e-5,-0.0002855138814143969,-0.0003594720268644856,-0.0003608300228418109,0.0009576082222638362,-0.003819411991883993
-0.00882198877085144,0.0036385341516228043,0.03800755264416543,-0.00948686970047688,0.005618041195499728,-0.00519549616309106,-0.0016090076738183357,0.017684867022696296,-0.006643552649059929,0.00878710529812111,-0.011990147498105397,4.737324275287482e-5,-0.014909835867346356,-0.013457509048027063,-0.0006989422059766471,-0.0006989422059766471,0.005831584463833867,-0.008663168927667619,-0.01269098740940746,0.004215913960952747,0.03606169981002422,0.005105892994573905,0.0002882140108525881,0.007029770376836439,-0.009714246126219668,-0.005635758958870173,0.004202010863971988,0.007604172375916446,-0.0031690590497555067,0.002852507725203324,-0.00998377703821164,0.053362035063455375,-0.0037956886969919604,0.00013676249390839792,-0.0024999999999997984,-0.0024999999999997984,0.0014337051253403136,-0.0011962768710618262,0.0011909581154357987,0.002815071236670098,-0.0014442373712383523,0.0024064676858877093,0.0007388851110219013,2.2229777955543664e-5,-5.398660360632033e-5,-0.0002855138814143969,-0.0021641149717977707,0.0017472557474065154,-0.00045571730148044246,-0.00045571730148044246
-0.00014614827325253694,0.012396939127614554,-0.0045205155523879124,0.002260044116829684,-0.0028384947919201623,0.0041783598872310165,-0.013996393805518073,-0.003691057362845061,0.023882114725690747,0.003715636413540749,-0.006254727447392366,4.737324275287482e-5,0.013356597748059492,0.00279749790356402,-0.0006989422059766471,-0.0006989422059766471,-0.0028574164768690397,-0.01205267892894317,0.017244621825026236,0.004215913960952747,-0.011349929116536648,0.007557415751387972,0.001945857053163192,-0.011558318953188517,-0.009714246126219668,-0.003619890985083437,0.004202010863971988,0.0028909139307271192,0.0062861356613453994,0.002852507725203324,-0.009983777038211636,-0.019186166062697425,0.025711489372567117,0.0009047587120089556,-0.0024999999999997984,-3.348940554928289e-5,-0.0026569919977610574,-0.000632716662779029,0.0017594557491150058,-0.0011629847278388,0.0008298147598762593,-0.0005784189987696075,-0.00014796049032228008,0.0068140430922785464,0.0005017699520067104,-0.0006392978364792208,0.001237826892207731,-0.0006457094220201965,-0.0006615998376714482,0.006064988983508221
-0.00014614827325253694,0.015292296546505641,-0.0045205155523879124,0.00755954024653248,0.00755954024653248,-0.010202018978373717,0.019690472234635173,-0.026166652821223265,0.012823470243040532,0.0009864960359030135,0.002276574898991308,0.007022562121233208,0.005315935102071798,0.029743372413682998,-0.053864779334846985,0.008776035173409105,0.0044010574360064175,0.04390244659013972,-0.014097066110916288,0.03289552710785342,0.012529363816937639,0.0005407109094945255,0.00029230266972293784,0.01692781360371691,-0.009714246126219668,0.008163169163675751,0.007434754892824865,-0.0074004137663509694,0.0062861356613453994,0.01974115212855139,-0.008942337866864446,0.004315121263836154,-0.00019386592645884363,-0.007112268147082596,0.06891350685013556,-3.348940554928289e-5,-0.05364929115985028,-0.0029354753076967824,0.0010068958523592002,-0.0005348669296973975,-0.0005644520001371691,-0.001027722903350703,0.002055445806701406,-0.0010879507810783284,-0.0010879507810783284,0.0012002711144261393,-0.0008924909882947349,0.0026917313807470374,-0.0006615998376714481,0.0053832107210359656
0.017848534294007075,-0.011049859675103317,0.007010684849209263,-0.012035281900997829,0.009904248921691238,0.012992652914495815,0.01650989672087143,-0.0005935678498789754,-0.0037013352217226824,0.002286480642663991,-0.0012467493582373728,0.005716378067893642,0.007341085506435908,-0.004182171012872839,0.012323272848360699,-0.004922907305202131,0.032682529238114884,-0.0064333858952425405,0.014761845353061864,0.06394459624581857,-0.013696621049463408,0.0005407109094945255,0.009617381306752482,-0.007772166270433147,-0.008455667459133195,0.007560541251084248,0.0075605412510842485,-0.0074004137663509694,0.05055294529774739,-0.055203608140883674,0.1272962092956716,-0.03578444295228851,-0.00019386592645884363,0.007282303333143687,-0.003971308094777005,0.002787462515885736,0.02074424846901969,-0.01665762659318017,-0.0039702851054155075,0.0032641049101181643,-0.0024243671854132357,-0.002651265629173102,0.00035895630016487083,-0.0023207193313426696,0.0015746757826628306,-0.000583375139144864,0.0003599078033755759,-0.0010926123692598516,0.0010896184918736073,0.0019974611115133396
0.008303447070734552,0.008303447070734552,0.05480593971709061,0.0033199825948522265,-0.007008578726133171,0.014984393176389308,0.0009094107788333258,0.017378577501406558,-0.0037013352217226698,0.016933031791927396,-0.007260798541328221,0.006374487063345247,-3.249730932189648e-5,-0.0008925438970534511,0.0019970601297015942,0.009259164179695068,-0.0018923979999587485,0.009861365364282684,0.03209548176441062,-0.030869274291466912,-0.013696621049463408,-0.004567077409047211,0.0020784397140444894,0.023344192100030824,-0.0014274381206039403,-0.013809010593121666,-0.005811136932604833,0.050305043677339865,-0.02626934312206371,0.05652444351152697,-0.008568669940528465,-0.018587466878154307,-0.00019386592645884363,0.007282303333143687,-0.003971308094777005,-0.007063886627749023,0.0051452301130162125,0.006972988374912991,0.033756411964410524,-0.04768319990519691,-0.003616240277881366,0.0039709597107270575,-0.001299772102166359,0.0003496459102447186,0.0013372263485921978,-0.00018029222007429817,-0.0007780308626544757,0.0011904612344642899,0.0,0.0
0.01992408454203259,0.017136585899963544,-0.003728050649872057,-0.002577987922281483,-0.022548831700239476,0.0038743750161967386,0.006939001476434254,-0.01825974745532457,0.0057492400663160465,-0.024576154249553884,0.006462929336156247,-0.0013340408242014986,-3.249730932189648e-5,0.00880690883798518,-0.002672282136504456,0.003715766436580234,0.014535683317969506,0.02681870252190443,0.0037877903494658227,-0.030869274291466912,0.06713058454474723,-0.006504266410618608,0.00618939179610989,-0.010247070330558642,-0.011398312889243,0.0057395580710079205,0.028982873492057117,0.005034253015886735,-0.0041573625531911955,0.0028838647063799774,-0.019849895567811582,0.11754319587784925,0.012082539707703675,-0.007985467692125233,-0.0088582159458538,-0.004559624595608504,-0.003469179391145912,-0.013171106666708518,-0.008467923637664907,0.056585118049470425,-0.02528391909237436,-0.02528391909237436,-0.002437647364261143,0.0021695702763235947,-0.0009918401465153805,-0.0008389219142804574,0.0009230888776554314,0.0012580389816186162,4.506940483452497e-5,-0.002517701204782249
0.013326032178768812,0.006248571718585398,-0.0035994504745677043,-0.006654950376324226,0.004111701531609658,-0.008624298928821349,0.005761334315815353,0.011630544135097481,0.002043095527160435,0.0030650358660376403,0.0043699282679251165,-0.025078650972637628,0.010730170373765665,0.0026562807870134297,-0.0026722821365044555,0.0035103190602044565,0.012090935470737977,-0.010818274147583509,-0.0013683907644978103,0.03370047641165046,-0.00861129531966845,0.00605481872132596,0.003094079153274624,-0.008742723400700373,0.00871664958780737,-0.0010200270424909508,0.007278634160162212,0.007278634160162212,-0.02994193235319036,0.002883864706379978,0.007233769693434807,0.008033635051506298,-0.02450726615393704,-0.007985467692125233,-0.0010992911045692492,-0.004559624595608504,0.008824177805857765,-0.008294231521172583,-0.0076991721823044135,-0.004121344112560173,0.0441351489984227,0.037977280949018345,-0.002437647364261143,0.0021695702763235947,0.0007027479968629598,-0.00021058503052325968,0.00034932128213353933,-2.2534702417262486e-5,4.506940483452497e-5,4.506940483452497e-5
0.013326032178768814,0.004234708065560969,-0.005499999999999813,-0.005500000000000999,-0.0019228842475668732,0.004780053246244094,-0.0028085324942412576,0.01733069784434709,-0.000846237775255806,0.015085355767412476,0.007353546867428011,-0.07005741793726125,0.003634813785590028,0.0010393255511392033,0.00459393772396212,-0.01044821418681298,0.00260665487054685,0.004967700041102656,-0.0013683907644978103,0.002891370583001131,-0.00861129531966845,0.02660592885665319,-0.007448884708932565,-0.003410547971987758,0.03526390366557054,0.003844144542952679,-0.0017732972822248074,0.013195086569305525,-0.029013024615121584,-0.0062345163675573455,0.011568455693243725,-0.008373428700987048,-0.00331819204252144,0.06595763777578921,-0.0010992911045692492,-0.005870876637317269,0.0023259407928595205,-0.004268790486796973,0.00632088994595119,0.004736635095476758,-0.004658975401815144,-0.004658975401815144,0.03702894026155001,-0.0034222418251509063,0.0007027479968629598,0.0014637850620599455,-0.0028892222315403835,5.716939015950426e-5,-0.00047998689766458644,0.00455972967361093
0.04724292721758853,-0.004920500564276119,0.0018390620466047648,0.0012294394480563326,0.002157075626149101,-0.0005431519589475884,0.006230670321812284,-0.002454651234625799,0.008131684774376731,0.005809636477728557,-0.017600648984771594,0.01870925884980249,0.0005233181898021801,0.005299059919929725,-0.0005467097197551364,0.014712775177283,0.008705169944839362,0.004967700041102656,0.005705721207049241,-0.00559475686197237,0.003250089340854223,-0.001045121518230421,0.0018195139270794313,0.015484114148063142,0.0004555143004196777,-0.015094300051469386,0.002645293500880023,-0.005476402627555384,0.027181653176833548,-0.014628006442403255,0.024754603749944766,-0.012608562438087728,0.012805253836628849,-0.012941404804858673,0.0014736210935509494,0.0008130660440138723,-0.006913773133897513,0.0017102112538740903,0.0031607644109513085,-0.0005437647519270774,-0.0033929872739352144,0.010437682771575441,-0.008665073764242965,-0.0034222418251509063,0.03312509808603911,-0.012312977563277584,-0.005374044873445258,-0.0005461517769873126,-0.0019076964460240672,0.0036437638510091854
0.013685192904596018,-0.0006640399111615369,0.0018390620466047648,-0.0010114044266722588,-0.0003430113468918161,-0.0001153351609060287,0.006230670321812283,0.003725514932741295,0.003725514932741295,0.0018752302777071744,0.0021235150569476513,0.01870925884980249,0.0005233181898021801,8.206532214826083e-5,5.04539739476637e-5,-0.0017407999529556028,0.008705169944839362,0.0010425170858307882,0.003083072130481828,0.0050835143964613385,0.008641445633032327,0.0006228342226770706,0.0018195139270794313,-0.00288654469423788,-0.025726910611524014,0.006660785101933567,0.007603689144225078,0.024365847956976425,-0.00472280341123378,0.006799447621291661,-0.011751854523996992,-0.0004854568875180669,-0.0033877121191872037,0.0038469343264510535,-0.002947361859810477,0.006206939974153638,-0.006913773133897513,0.0017102112538740905,0.003880214122212796,-0.0026205141749601223,0.011649299952785748,-0.0015007543244335041,-0.013422516702391073,0.006384805634347897,-0.0015254163046010236,0.005491286615622264,0.01826568266001214,-0.008002204376439741,-0.008002204376439741,-0.2519410985861926
0.00636240633360042,0.002714505062715744,0.0018390620466047648,-0.0008743895304031881,0.004988743019614601,0.0005000000000000188,0.0148582792094115,0.010478111646834513,0.003725514932741295,-0.0005931891278137517,0.0021235150569476513,4.645295805015634e-5,-0.013668935927260538,0.007810985765296475,0.0036336971886325037,-0.0019675503152511223,-0.000645244911128317,0.0026889961554661954,0.003083072130481828,0.017026916773740294,-0.005206506582890981,0.0006228342226770705,0.018880243907522756,-0.011964208367855047,0.015397039913124274,-0.012801736794850279,-0.01022546077982792,0.006967047602379101,-0.054226984450304216,0.04132556105628742,-0.009581012313365224,-0.006966456903221475,-0.00874683820817171,0.0019403540708256542,-0.006366761350406766,0.00500693997415303,-0.006913773133897485,0.006198205968640519,0.0011035880627208931,0.008323906332492836,0.00518139938196689,-0.032917755086867076,0.030572375171886938,-0.0173864551029704,-0.008681026055965326,0.005491286615622264,-0.011900427520367374,0.003494381404980256,0.010269665082568184,-0.4963251284626924
0.00395987185555296,-0.007584552956118111,0.0018390620466047648,0.004721019813152251,0.000500000000000019,0.0005000000000000188,0.005854975129892372,0.007448284777073438,0.003725514932741295,0.008381611586616945,0.0020667739710446666,-0.002633547942087855,0.00993395533331044,0.01072649133358615,-0.0036855495061836776,0.000956566128787802,-0.0038104623733325785,-0.00024184949333151828,0.009793088633112077,-0.002387571556607209,-0.005206506582890981,0.025929460228967856,-0.01672049991609354,5.429823441318801e-5,0.006267683588128673,0.002181320210131858,0.00364705882352955,-0.002000000000000076,-0.002000000000000076,-0.013999999999999938,-0.013999999999999938,-0.008379189815832643,0.0023271643554132323,-0.015797676282637674,0.015095352565274724,-0.018647195708907324,-0.0017056085821854077,-0.0004944525188864944,0.010106959605436288,0.008323906332492836,-0.008422763904130864,0.02884552780826218,-0.0023156966012746944,-0.018761347470909108,-0.0006743023085642786,0.012219119923361424,0.0015546872338450407,0.001664099213390229,-0.007828198426780628,-0.017343603146438572
-0.004359167750459179,-0.0013055113619203599,-0.003356047557329625,-0.001521498529626159,0.006042997059252431,0.006394326039493924,0.004597202935386018,-0.0003878258542896437,0.0051598486242359805,0.005159848624235994,-0.015089895580649984,0.0025495104271680063,-0.0057535078069840505,0.033313516252313095,-0.0030324882816937376,0.014695341638990386,-0.01593046348237168,0.005746657729133943,-7.39291412423345e-5,-0.006025230743120596,0.03234122975641877,-0.054287795247661315,0.007002448320407139,0.012288850691885279,-0.014179706847028246,0.005568195572154256,-0.0038503758781649163,-0.003850375878164951,-0.0030000000000001137,-0.003000000000000113,-0.004983689230066994,0.0008205815307348859,-0.0038879927237391895,0.011652057421737689,-0.004256035399843299,-0.0020737596753942888,-0.004034306638212926,0.007370073233744987,-0.007165806535212069,0.002570283477109585,0.005359433045781228,-0.023367741378819085,0.001277056674458738,0.020186985735156718,-0.0006743023085642786,-0.0005477925857977025,0.0015546872338450407,0.020069973787250405,-0.012561435151730877,0.0131228703034613
0.05519462371645021,-0.0032265916514073916,-0.015660998483872684,-0.001521498529626159,0.0030390203578693643,0.007260892738946574,0.03274765378703998,-0.04334824416454189,-0.009987428561541074,-0.011744816350542437,0.04036329913425269,-0.00784426354745614,0.019715509602279357,-0.05775428360797911,0.07498319893999184,-0.0034753656764186487,0.024950731352837978,-0.018524262480943333,-0.008256270114318497,0.01607478665856056,-0.030649573317119642,0.08334401677781465,-0.016330860185385015,-0.02095681153404753,0.052647496042017225,-0.05293383322078226,0.019026941906040498,0.0026794414575230514,-0.005529200508380352,-0.013290313534547448,0.008266097370916402,-0.012725704150428192,0.002367632827353696,0.002276892108183374,0.0001960009691849081,-0.006392001938370043,-0.0033644739858472604,0.0029731439824347916,0.008565707443113676,0.002939753144999402,-0.013542598611995648,0.03428062603814026,-0.06553600398986363,0.07967526695599354,0.0022622596950182174,-0.0005477925857977025,-0.0028397758523649496,-0.03726453264881219,0.08364243643282833,0.1015141233601587
